employee_id,first_name,last_name,gender,blood_group,marital_status,dob,highest_education,specialization,educational_institution,pass_out_year,experience_years,experience_months,experience_category,city,state,country,nationality,doj,mobile_number,emergency_contact,email_id,department_id,department,functional_department,business_unit,division,sub_division,team_name,band_level,band_name,job_title,employment_type,employee_status,annual_salary,bonus_eligible,pf,employee_termination_date,exit_formalities_date,created_at,updated_at,org_id,avg_performance_score,avg_bonus_percentage,attendance_rate,avg_working_hours,total_overtime_hours,total_shortfall_hours,total_privileged_leave_used,total_sick_leave_used,total_lop_days,avg_total_leave_balance,total_leave_used,team_size
1,Christy,Kiran,Male,B+,Single,1992-06-04,Master,MBA - Business Analytics,St Josephs Institute of Management,2015,10,11,Senior,Bangalore,Karnataka,India,Indian,2015-01-01,+91-9876543210,+91-9123456780,christy.kiran@company.com,1001,Executive Management,Corporate Leadership,Global Operations,Enterprise Strategy,Executive Office,CEO Office,14,Executive Leadership,Founder & CEO,Permanent,Active,200000000.0,Yes,Yes,,,2026-05-12 03:43:54,2026-05-12 04:35:28,,0.0,0.0,41.80327868852459,7.036144578313253,21.0,10.0,0,0,0,32.0,0,9.0
2,Arjun,Mehta,Male,A+,Married,1988-03-12,Master,MTech - Artificial Intelligence,IIT Madras,2012,13,4,Senior,Bangalore,Karnataka,India,Indian,2015-01-01,+91-9876500001,+91-9123400001,arjun.mehta@company.com,1002,Technology,Engineering,AI Platforms,Enterprise Systems,Technology Office,CTO Office,14,Executive Leadership,Chief Technology Officer,Permanent,Active,150000000.0,Yes,Yes,,,2026-05-12 03:57:11,2026-05-12 04:35:28,,0.0,0.0,43.44262295081967,6.313253012048193,16.0,4.0,0,0,0,39.0,0,7.0
3,Priya,Sharma,Female,O+,Married,1987-09-25,Master,MBA - Finance,Christ University,2010,14,2,Senior,Bangalore,Karnataka,India,Indian,2015-01-01,+91-9876500002,+91-9123400002,priya.sharma@company.com,1003,Finance,Corporate Finance,Financial Operations,Strategic Finance,Finance Office,CFO Office,14,Executive Leadership,Chief Financial Officer,Permanent,Active,140000000.0,Yes,Yes,,,2026-05-12 03:57:11,2026-05-12 04:35:28,,0.0,0.0,44.26229508196721,6.120481927710843,16.0,1.0,0,0,0,31.0,0,1.0
4,Rahul,Verma,Male,B+,Married,1985-11-18,Master,MBA - Operations,Anna University,2009,16,1,Leadership,Bangalore,Karnataka,India,Indian,2015-01-01,+91-9876500003,+91-9123400003,rahul.verma@company.com,1004,Operations,Business Operations,Enterprise Operations,Strategic Operations,Operations Office,COO Office,14,Executive Leadership,Chief Operating Officer,Permanent,Active,145000000.0,Yes,Yes,,,2026-05-12 03:57:11,2026-05-12 04:35:28,,0.0,0.0,48.36065573770492,6.506024096385542,19.0,3.0,0,0,0,38.0,0,1.0
5,Neha,Reddy,Female,O+,Married,1989-02-14,Master,MBA - Human Resources,Amrita University,2011,13,8,Senior,Bangalore,Karnataka,India,Indian,2015-01-01,+91-9876500004,+91-9123400004,neha.reddy@company.com,1005,Human Resources,People Operations,Workforce Management,HR Strategy,Executive HR,CHRO Office,14,Executive Leadership,Chief Human Resources Officer,Permanent,Active,135000000.0,Yes,Yes,,,2026-05-12 03:57:11,2026-05-12 04:35:28,,0.0,0.0,47.540983606557376,6.313253012048193,15.0,4.0,0,0,0,30.0,0,1.0
6,Ananya,Kapoor,Female,A+,Married,1986-05-21,Master,MBA - Marketing,Delhi University,2008,15,3,Senior,Bangalore,Karnataka,India,Indian,2015-01-01,+91-9876500005,+91-9123400005,ananya.kapoor@company.com,1006,Marketing,Brand Strategy,Global Marketing,Digital Marketing,Marketing Leadership,CMO Office,14,Executive Leadership,Chief Marketing Officer,Permanent,Active,130000000.0,Yes,Yes,,,2026-05-12 04:07:51,2026-05-12 04:35:28,,0.0,0.0,43.44262295081967,6.554216867469879,7.0,9.0,0,0,0,37.0,0,1.0
7,Vikram,Iyer,Male,B+,Married,1984-08-09,Master,MTech - Information Systems,IIM Bangalore,2007,17,6,Leadership,Bangalore,Karnataka,India,Indian,2015-01-01,+91-9876500006,+91-9123400006,vikram.iyer@company.com,1007,Information Technology,Enterprise IT,Digital Transformation,Infrastructure & Security,Technology Governance,CIO Office,14,Executive Leadership,Chief Information Officer,Permanent,Active,142000000.0,Yes,Yes,,,2026-05-12 04:07:51,2026-05-12 04:35:28,,0.0,0.0,50.0,6.506024096385542,11.0,4.0,0,0,0,29.0,0,0.0
9,Aditya,Nair,Male,O+,Married,1979-03-03,Master,MBA - Business Administration,Christ University,2002,24,2,Leadership,Bangalore,Karnataka,India,Indian,2015-01-01,+91-9800000009,+91-9100000009,aditya.nair.9@company.com,1013,Technology,Engineering,Enterprise Systems,Software Delivery,Application Development,Engineering Team,13,President,President - Operations,Permanent,Active,90100000.0,Yes,Yes,,,2026-05-13 05:19:14,2026-05-13 05:19:14,,3.83,15.0,50.81967213114754,6.795180722891566,14.0,3.0,0,0,0,28.0,0,3.0
10,Arjun,Kapoor,Male,AB+,Married,1979-04-04,Master,MBA - Business Administration,Anna University,2002,24,2,Leadership,Bangalore,Karnataka,India,Indian,2015-01-01,+91-9800000010,+91-9100000010,arjun.kapoor.10@company.com,1013,Finance,Corporate Finance,Financial Operations,Finance,Finance Operations,Finance Team,13,President,President - Finance,Permanent,Active,90150000.0,Yes,Yes,,,2026-05-13 05:19:14,2026-05-13 05:19:14,,4.08,20.0,47.540983606557376,5.975903614457831,14.0,2.0,0,0,0,35.0,0,1.0
11,Rohan,Rao,Male,A-,Married,1979-05-05,Master,MBA - Business Administration,Amrita University,2002,24,2,Leadership,Bangalore,Karnataka,India,Indian,2015-01-01,+91-9800000011,+91-9100000011,rohan.rao.11@company.com,1013,Human Resources,People Operations,Workforce Management,HR Operations,People Services,HR Team,13,President,President - Human Resources,Permanent,Active,90200000.0,Yes,Yes,,,2026-05-13 05:19:14,2026-05-13 05:19:14,,4.22,20.0,43.44262295081967,6.457831325301205,12.0,2.0,0,0,0,27.0,0,1.0
12,Karthik,Singh,Male,B-,Married,1979-06-06,Master,MBA - Business Administration,Delhi University,2002,24,2,Leadership,Bangalore,Karnataka,India,Indian,2015-01-01,+91-9800000012,+91-9100000012,karthik.singh.12@company.com,1013,Sales,Revenue Operations,Sales Operations,Business Growth,Client Acquisition,Sales Team,13,President,President - Sales,Permanent,Active,90000000.0,Yes,Yes,,,2026-05-13 05:19:14,2026-05-13 05:19:14,,4.26,20.0,44.26229508196721,6.265060240963855,25.0,2.0,0,0,0,34.0,0,1.0
13,Nikhil,Gupta,Male,O-,Married,1979-07-07,Master,MBA - Business Administration,St Josephs Institute of Management,2002,24,2,Leadership,Bangalore,Karnataka,India,Indian,2015-01-01,+91-9800000013,+91-9100000013,nikhil.gupta.13@company.com,1013,Marketing,Brand & Growth,Marketing Operations,Digital Marketing,Campaign Operations,Marketing Team,13,President,President - Marketing,Permanent,Active,90050000.0,Yes,Yes,,,2026-05-13 05:19:14,2026-05-13 05:19:14,,4.03,20.0,54.09836065573771,7.036144578313253,18.0,6.0,0,0,0,41.0,0,1.0
14,Rahul,Mishra,Male,A+,Married,1979-08-08,Master,MBA - Business Administration,Bangalore University,2002,24,2,Leadership,Bangalore,Karnataka,India,Indian,2015-01-01,+91-9800000014,+91-9100000014,rahul.mishra.14@company.com,1013,Product,Product Management,Product Strategy,Product Delivery,Product Operations,Product Team,13,President,President - Product,Permanent,Active,90100000.0,Yes,Yes,,,2026-05-13 05:19:14,2026-05-13 05:19:14,,3.88,15.0,52.459016393442624,7.132530120481928,11.0,6.0,0,0,0,33.0,0,1.0
15,Vikram,Shetty,Male,B+,Married,1979-09-09,Master,MBA - Business Administration,PES University,2002,24,2,Leadership,Bangalore,Karnataka,India,Indian,2015-01-01,+91-9800000015,+91-9100000015,vikram.shetty.15@company.com,1013,Technology,Engineering,Enterprise Systems,Software Delivery,Application Development,Engineering Team,13,President,President - Strategy,Permanent,Active,90150000.0,Yes,Yes,,,2026-05-13 05:19:14,2026-05-13 05:19:14,,4.09,20.0,44.26229508196721,6.024096385542169,15.0,3.0,0,0,0,40.0,0,1.0
16,Sanjay,Bose,Male,O+,Married,1979-10-10,Master,MBA - Business Administration,VTU Belagavi,2002,24,2,Leadership,Bangalore,Karnataka,India,Indian,2015-01-01,+91-9800000016,+91-9100000016,sanjay.bose.16@company.com,1013,Technology,Engineering,Enterprise Systems,Software Delivery,Application Development,Engineering Team,13,President,President - Global Business,Permanent,Active,90200000.0,Yes,Yes,,,2026-05-13 05:19:14,2026-05-13 05:19:14,,4.26,20.0,48.36065573770492,6.746987951807229,15.0,6.0,0,0,0,32.0,0,0.0
17,Ananya,Sharma,Female,AB+,Married,1979-11-11,Master,MBA - Business Administration,IIM Bangalore,2002,24,2,Leadership,Bangalore,Karnataka,India,Indian,2015-01-01,+91-9800000017,+91-9100000017,ananya.sharma.17@company.com,1013,Technology,Engineering,Enterprise Systems,Software Delivery,Application Development,Engineering Team,13,President,President - Engineering,Permanent,Active,90000000.0,Yes,Yes,,,2026-05-13 05:19:14,2026-05-13 05:19:14,,4.15,20.0,47.540983606557376,7.0843373493975905,23.0,4.0,0,0,0,39.0,0,1.0
18,Diya,Iyer,Female,A-,Married,1979-12-12,Master,MBA - Business Administration,IIT Madras,2002,24,2,Leadership,Bangalore,Karnataka,India,Indian,2015-01-01,+91-9800000018,+91-9100000018,diya.iyer.18@company.com,1013,Technology,Engineering,Enterprise Systems,Software Delivery,Application Development,Engineering Team,13,President,President - Customer Success,Permanent,Active,90050000.0,Yes,Yes,,,2026-05-13 05:19:14,2026-05-13 05:19:14,,4.01,20.0,50.0,6.795180722891566,23.0,2.0,0,0,0,31.0,0,1.0
19,Myra,Nair,Female,B-,Married,1979-01-13,Master,MBA - Business Administration,Christ University,2002,24,2,Leadership,Bangalore,Karnataka,India,Indian,2015-01-01,+91-9800000019,+91-9100000019,myra.nair.19@company.com,1013,Technology,Engineering,Enterprise Systems,Software Delivery,Application Development,Engineering Team,13,President,President - Enterprise Solutions,Permanent,Active,90100000.0,Yes,Yes,,,2026-05-13 05:19:14,2026-05-13 05:19:14,,4.16,20.0,51.63934426229508,6.795180722891566,19.0,8.0,0,0,0,38.0,0,1.0
20,Sara,Kapoor,Female,O-,Married,1979-02-14,Master,MBA - Business Administration,Anna University,2002,24,2,Leadership,Bangalore,Karnataka,India,Indian,2015-01-01,+91-9800000020,+91-9100000020,sara.kapoor.20@company.com,1013,Delivery,Program Delivery,Project Management,Delivery Operations,PMO,Delivery Team,13,President,President - Delivery,Permanent,Active,90150000.0,Yes,Yes,,,2026-05-13 05:19:14,2026-05-13 05:19:14,,4.12,20.0,42.62295081967213,6.024096385542169,13.0,2.0,0,0,0,30.0,0,1.0
21,Riya,Rao,Female,A+,Married,1979-03-15,Master,MBA - Business Administration,Amrita University,2002,24,2,Leadership,Bangalore,Karnataka,India,Indian,2015-01-01,+91-9800000021,+91-9100000021,riya.rao.21@company.com,1013,Technology,Engineering,Enterprise Systems,Software Delivery,Application Development,Engineering Team,13,President,President - Innovation,Permanent,Active,90200000.0,Yes,Yes,,,2026-05-13 05:19:14,2026-05-13 05:19:14,,3.84,15.0,46.72131147540984,6.602409638554217,18.0,5.0,0,0,0,37.0,0,1.0
22,Priya,Singh,Female,B+,Married,1981-04-16,Master,MBA - Business Administration,Delhi University,2004,22,6,Leadership,Bangalore,Karnataka,India,Indian,2015-01-01,+91-9800000022,+91-9100000022,priya.singh.22@company.com,1012,Technology,Engineering,Enterprise Systems,Software Delivery,Application Development,Engineering Team,12,Senior VP,Senior Vice President - Technology,Permanent,Active,60000000.0,Yes,Yes,,,2026-05-13 05:19:14,2026-05-13 05:19:14,,3.95,15.0,50.0,6.650602409638554,12.0,6.0,0,0,0,29.0,0,1.0
23,Neha,Gupta,Female,O+,Married,1981-05-17,Master,MBA - Business Administration,St Josephs Institute of Management,2004,22,6,Leadership,Bangalore,Karnataka,India,Indian,2015-01-01,+91-9800000023,+91-9100000023,neha.gupta.23@company.com,1012,Technology,Engineering,Enterprise Systems,Software Delivery,Application Development,Engineering Team,12,Senior VP,Senior Vice President - Engineering,Permanent,Active,60050000.0,Yes,Yes,,,2026-05-13 05:19:14,2026-05-13 05:19:14,,4.15,20.0,45.90163934426229,6.650602409638554,21.0,3.0,0,0,0,36.0,0,1.0
24,Kavya,Mishra,Female,AB+,Married,1981-06-18,Master,MBA - Business Administration,Bangalore University,2004,22,6,Leadership,Bangalore,Karnataka,India,Indian,2015-01-01,+91-9800000024,+91-9100000024,kavya.mishra.24@company.com,1012,Technology,Engineering,Enterprise Systems,Software Delivery,Application Development,Engineering Team,12,Senior VP,Senior Vice President - Operations,Permanent,Active,60100000.0,Yes,Yes,,,2026-05-13 05:19:14,2026-05-13 05:19:14,,4.02,20.0,50.0,6.746987951807229,17.0,4.0,0,0,0,28.0,0,1.0
25,Meera,Shetty,Female,A-,Married,1981-07-19,Master,MBA - Business Administration,PES University,2004,22,6,Leadership,Bangalore,Karnataka,India,Indian,2015-01-01,+91-9800000025,+91-9100000025,meera.shetty.25@company.com,1012,Finance,Corporate Finance,Financial Operations,Finance,Finance Operations,Finance Team,12,Senior VP,Senior Vice President - Finance,Permanent,Active,60150000.0,Yes,Yes,,,2026-05-13 05:19:14,2026-05-13 05:19:14,,4.06,20.0,54.09836065573771,6.9879518072289155,30.0,9.0,0,0,0,35.0,0,1.0
26,Sneha,Bose,Female,B-,Married,1981-08-20,Master,MBA - Business Administration,VTU Belagavi,2004,22,6,Leadership,Bangalore,Karnataka,India,Indian,2015-01-01,+91-9800000026,+91-9100000026,sneha.bose.26@company.com,1012,Human Resources,People Operations,Workforce Management,HR Operations,People Services,HR Team,12,Senior VP,Senior Vice President - Human Resources,Permanent,Active,60200000.0,Yes,Yes,,,2026-05-13 05:19:14,2026-05-13 05:19:14,,4.07,20.0,50.0,6.9397590361445785,11.0,4.0,0,0,0,27.0,0,1.0
27,Aarav,Sharma,Male,O-,Married,1981-09-21,Master,MBA - Business Administration,IIM Bangalore,2004,22,6,Leadership,Bangalore,Karnataka,India,Indian,2015-01-01,+91-9800000027,+91-9100000027,aarav.sharma.27@company.com,1012,Marketing,Brand & Growth,Marketing Operations,Digital Marketing,Campaign Operations,Marketing Team,12,Senior VP,Senior Vice President - Marketing,Permanent,Active,60000000.0,Yes,Yes,,,2026-05-13 05:19:14,2026-05-13 05:19:14,,3.86,15.0,45.90163934426229,6.313253012048193,18.0,5.0,0,0,0,34.0,0,1.0
28,Vivaan,Iyer,Male,A+,Married,1981-10-22,Master,MBA - Business Administration,IIT Madras,2004,22,6,Leadership,Bangalore,Karnataka,India,Indian,2015-01-01,+91-9800000028,+91-9100000028,vivaan.iyer.28@company.com,1012,Product,Product Management,Product Strategy,Product Delivery,Product Operations,Product Team,12,Senior VP,Senior Vice President - Product,Permanent,Active,60050000.0,Yes,Yes,,,2026-05-13 05:19:14,2026-05-13 05:19:14,,3.97,15.0,53.278688524590166,7.036144578313253,22.0,2.0,0,0,0,41.0,0,1.0
29,Aditya,Nair,Male,B+,Married,1981-11-23,Master,MBA - Business Administration,Christ University,2004,22,6,Leadership,Bangalore,Karnataka,India,Indian,2015-01-01,+91-9800000029,+91-9100000029,aditya.nair.29@company.com,1012,Sales,Revenue Operations,Sales Operations,Business Growth,Client Acquisition,Sales Team,12,Senior VP,Senior Vice President - Sales,Permanent,Active,60100000.0,Yes,Yes,,,2026-05-13 05:19:14,2026-05-13 05:19:14,,3.78,15.0,50.0,6.9397590361445785,13.0,3.0,0,0,0,33.0,0,1.0
30,Arjun,Kapoor,Male,O+,Married,1981-12-24,Master,MBA - Business Administration,Anna University,2004,22,6,Leadership,Bangalore,Karnataka,India,Indian,2015-01-01,+91-9800000030,+91-9100000030,arjun.kapoor.30@company.com,1012,Technology,Engineering,Enterprise Systems,Software Delivery,Application Development,Engineering Team,12,Senior VP,Senior Vice President - Strategy,Permanent,Active,60150000.0,Yes,Yes,,,2026-05-13 05:19:14,2026-05-13 05:19:14,,4.0,20.0,42.62295081967213,5.63855421686747,11.0,5.0,0,0,0,40.0,0,1.0
31,Rohan,Rao,Male,AB+,Married,1981-01-25,Master,MBA - Business Administration,Amrita University,2004,22,6,Leadership,Bangalore,Karnataka,India,Indian,2015-01-01,+91-9800000031,+91-9100000031,rohan.rao.31@company.com,1012,Delivery,Program Delivery,Project Management,Delivery Operations,PMO,Delivery Team,12,Senior VP,Senior Vice President - Delivery,Permanent,Active,60200000.0,Yes,Yes,,,2026-05-13 05:19:14,2026-05-13 05:19:14,,3.96,15.0,46.72131147540984,6.409638554216867,18.0,6.0,0,0,0,32.0,0,1.0
32,Karthik,Singh,Male,A-,Married,1981-02-26,Master,MBA - Business Administration,Delhi University,2004,22,6,Leadership,Bangalore,Karnataka,India,Indian,2015-01-01,+91-9800000032,+91-9100000032,karthik.singh.32@company.com,1012,Technology,Engineering,Enterprise Systems,Software Delivery,Application Development,Engineering Team,12,Senior VP,Senior Vice President - Customer Success,Permanent,Active,60000000.0,Yes,Yes,,,2026-05-13 05:19:14,2026-05-13 05:19:14,,3.93,15.0,50.81967213114754,6.9879518072289155,16.0,7.0,0,0,0,39.0,0,1.0
33,Nikhil,Gupta,Male,B-,Married,1981-03-27,Master,MBA - Business Administration,St Josephs Institute of Management,2004,22,6,Leadership,Bangalore,Karnataka,India,Indian,2015-01-01,+91-9800000033,+91-9100000033,nikhil.gupta.33@company.com,1012,Technology,Engineering,Enterprise Systems,Software Delivery,Application Development,Engineering Team,12,Senior VP,Senior Vice President - Enterprise Solutions,Permanent,Active,60050000.0,Yes,Yes,,,2026-05-13 05:19:14,2026-05-13 05:19:14,,4.0,20.0,48.36065573770492,6.457831325301205,18.0,5.0,0,0,0,31.0,0,1.0
34,Rahul,Mishra,Male,O-,Married,1981-04-01,Master,MBA - Business Administration,Bangalore University,2004,22,6,Leadership,Bangalore,Karnataka,India,Indian,2015-01-01,+91-9800000034,+91-9100000034,rahul.mishra.34@company.com,1012,Technology,Data & AI,Analytics Platforms,Data Intelligence,AI & Analytics,Data Team,12,Senior VP,Senior Vice President - Data & AI,Permanent,Active,60100000.0,Yes,Yes,,,2026-05-13 05:19:14,2026-05-13 05:19:14,,4.0,20.0,48.36065573770492,6.457831325301205,10.0,5.0,0,0,0,38.0,0,1.0
35,Vikram,Shetty,Male,A+,Married,1981-05-02,Master,MBA - Business Administration,PES University,2004,22,6,Leadership,Bangalore,Karnataka,India,Indian,2015-01-01,+91-9800000035,+91-9100000035,vikram.shetty.35@company.com,1012,Technology,Engineering,Enterprise Systems,Software Delivery,Application Development,Engineering Team,12,Senior VP,Senior Vice President - Innovation,Permanent,Active,60150000.0,Yes,Yes,,,2026-05-13 05:19:14,2026-05-13 05:19:14,,4.17,20.0,48.36065573770492,6.795180722891566,10.0,3.0,0,0,0,30.0,0,1.0
36,Sanjay,Bose,Male,B+,Married,1983-06-03,Master,MBA - Business Administration,VTU Belagavi,2006,20,3,Leadership,Bangalore,Karnataka,India,Indian,2015-01-01,+91-9800000036,+91-9100000036,sanjay.bose.36@company.com,1011,Technology,Engineering,Enterprise Systems,Software Delivery,Application Development,Engineering Team,11,VP,Vice President - Technology,Permanent,Active,45200000.0,Yes,Yes,,,2026-05-13 05:19:14,2026-05-13 05:19:14,,4.01,20.0,52.459016393442624,7.325301204819277,13.0,8.0,0,0,0,37.0,0,1.0
37,Ananya,Sharma,Female,O+,Married,1983-07-04,Master,MBA - Business Administration,IIM Bangalore,2006,20,3,Leadership,Bangalore,Karnataka,India,Indian,2015-01-01,+91-9800000037,+91-9100000037,ananya.sharma.37@company.com,1011,Technology,Engineering,Enterprise Systems,Software Delivery,Application Development,Engineering Team,11,VP,Vice President - Engineering,Permanent,Active,45000000.0,Yes,Yes,,,2026-05-13 05:19:14,2026-05-13 05:19:14,,3.85,15.0,54.91803278688525,7.180722891566265,19.0,5.0,0,0,0,29.0,0,1.0
38,Diya,Iyer,Female,AB+,Married,1983-08-05,Master,MBA - Business Administration,IIT Madras,2006,20,3,Leadership,Bangalore,Karnataka,India,Indian,2015-01-01,+91-9800000038,+91-9100000038,diya.iyer.38@company.com,1011,Technology,Engineering,Enterprise Systems,Software Delivery,Application Development,Engineering Team,11,VP,Vice President - Operations,Permanent,Active,45050000.0,Yes,Yes,,,2026-05-13 05:19:14,2026-05-13 05:19:14,,3.98,15.0,49.18032786885246,6.698795180722891,15.0,5.0,0,0,0,36.0,0,1.0
39,Myra,Nair,Female,A-,Married,1983-09-06,Master,MBA - Business Administration,Christ University,2006,20,3,Leadership,Bangalore,Karnataka,India,Indian,2015-01-01,+91-9800000039,+91-9100000039,myra.nair.39@company.com,1011,Finance,Corporate Finance,Financial Operations,Finance,Finance Operations,Finance Team,11,VP,Vice President - Finance,Permanent,Active,45100000.0,Yes,Yes,,,2026-05-13 05:19:14,2026-05-13 05:19:14,,3.89,15.0,49.18032786885246,7.036144578313253,17.0,3.0,0,0,0,28.0,0,1.0
40,Sara,Kapoor,Female,B-,Married,1983-10-07,Master,MBA - Business Administration,Anna University,2006,20,3,Leadership,Bangalore,Karnataka,India,Indian,2015-01-01,+91-9800000040,+91-9100000040,sara.kapoor.40@company.com,1011,Human Resources,People Operations,Workforce Management,HR Operations,People Services,HR Team,11,VP,Vice President - Human Resources,Permanent,Active,45150000.0,Yes,Yes,,,2026-05-13 05:19:14,2026-05-13 05:19:14,,3.78,15.0,44.26229508196721,6.313253012048193,14.0,5.0,0,0,0,35.0,0,1.0
41,Riya,Rao,Female,O-,Married,1983-11-08,Master,MBA - Business Administration,Amrita University,2006,20,3,Leadership,Bangalore,Karnataka,India,Indian,2015-01-01,+91-9800000041,+91-9100000041,riya.rao.41@company.com,1011,Marketing,Brand & Growth,Marketing Operations,Digital Marketing,Campaign Operations,Marketing Team,11,VP,Vice President - Marketing,Permanent,Active,45200000.0,Yes,Yes,,,2026-05-13 05:19:14,2026-05-13 05:19:14,,3.91,15.0,49.18032786885246,6.698795180722891,16.0,8.0,0,0,0,27.0,0,1.0
42,Priya,Singh,Female,A+,Married,1983-12-09,Master,MBA - Business Administration,Delhi University,2006,20,3,Leadership,Bangalore,Karnataka,India,Indian,2015-01-01,+91-9800000042,+91-9100000042,priya.singh.42@company.com,1011,Product,Product Management,Product Strategy,Product Delivery,Product Operations,Product Team,11,VP,Vice President - Product,Permanent,Active,45000000.0,Yes,Yes,,,2026-05-13 05:19:14,2026-05-13 05:19:14,,3.9,15.0,49.18032786885246,6.795180722891566,20.0,8.0,0,0,0,34.0,0,1.0
43,Neha,Gupta,Female,B+,Married,1983-01-10,Master,MBA - Business Administration,St Josephs Institute of Management,2006,20,3,Leadership,Bangalore,Karnataka,India,Indian,2015-01-01,+91-9800000043,+91-9100000043,neha.gupta.43@company.com,1011,Sales,Revenue Operations,Sales Operations,Business Growth,Client Acquisition,Sales Team,11,VP,Vice President - Sales,Permanent,Active,45050000.0,Yes,Yes,,,2026-05-13 05:19:14,2026-05-13 05:19:14,,3.87,15.0,44.26229508196721,6.746987951807229,14.0,4.0,0,0,0,41.0,0,1.0
44,Kavya,Mishra,Female,O+,Married,1983-02-11,Master,MBA - Business Administration,Bangalore University,2006,20,3,Leadership,Bangalore,Karnataka,India,Indian,2015-01-01,+91-9800000044,+91-9100000044,kavya.mishra.44@company.com,1011,Technology,Engineering,Enterprise Systems,Software Delivery,Application Development,Engineering Team,11,VP,Vice President - Strategy,Permanent,Active,45100000.0,Yes,Yes,,,2026-05-13 05:19:14,2026-05-13 05:19:14,,3.95,15.0,53.278688524590166,6.9397590361445785,9.0,7.0,0,0,0,33.0,0,1.0
45,Meera,Shetty,Female,AB+,Married,1983-03-12,Master,MBA - Business Administration,PES University,2006,20,3,Leadership,Bangalore,Karnataka,India,Indian,2015-01-01,+91-9800000045,+91-9100000045,meera.shetty.45@company.com,1011,Delivery,Program Delivery,Project Management,Delivery Operations,PMO,Delivery Team,11,VP,Vice President - Delivery,Permanent,Active,45150000.0,Yes,Yes,,,2026-05-13 05:19:14,2026-05-13 05:19:14,,3.97,15.0,50.81967213114754,6.9879518072289155,14.0,4.0,0,0,0,40.0,0,1.0
46,Sneha,Bose,Female,A-,Married,1983-04-13,Master,MBA - Business Administration,VTU Belagavi,2006,20,3,Leadership,Bangalore,Karnataka,India,Indian,2015-01-01,+91-9800000046,+91-9100000046,sneha.bose.46@company.com,1011,Technology,Engineering,Enterprise Systems,Software Delivery,Application Development,Engineering Team,11,VP,Vice President - Customer Success,Permanent,Active,45200000.0,Yes,Yes,,,2026-05-13 05:19:14,2026-05-13 05:19:14,,3.82,15.0,47.540983606557376,6.650602409638554,22.0,3.0,0,0,0,32.0,0,1.0
47,Aarav,Sharma,Male,B-,Married,1983-05-14,Master,MBA - Business Administration,IIM Bangalore,2006,20,3,Leadership,Bangalore,Karnataka,India,Indian,2015-01-01,+91-9800000047,+91-9100000047,aarav.sharma.47@company.com,1011,Technology,Engineering,Enterprise Systems,Software Delivery,Application Development,Engineering Team,11,VP,Vice President - Enterprise Solutions,Permanent,Active,45000000.0,Yes,Yes,,,2026-05-13 05:19:14,2026-05-13 05:19:14,,4.04,20.0,44.26229508196721,6.409638554216867,14.0,2.0,0,0,0,39.0,0,1.0
48,Vivaan,Iyer,Male,O-,Married,1983-06-15,Master,MBA - Business Administration,IIT Madras,2006,20,3,Leadership,Bangalore,Karnataka,India,Indian,2015-01-01,+91-9800000048,+91-9100000048,vivaan.iyer.48@company.com,1011,Technology,Data & AI,Analytics Platforms,Data Intelligence,AI & Analytics,Data Team,11,VP,Vice President - Data & AI,Permanent,Active,45050000.0,Yes,Yes,,,2026-05-13 05:19:14,2026-05-13 05:19:14,,3.75,15.0,49.18032786885246,6.795180722891566,16.0,5.0,0,0,0,31.0,0,1.0
49,Aditya,Nair,Male,A+,Married,1983-07-16,Master,MBA - Business Administration,Christ University,2006,20,3,Leadership,Bangalore,Karnataka,India,Indian,2015-01-01,+91-9800000049,+91-9100000049,aditya.nair.49@company.com,1011,Technology,Engineering,Enterprise Systems,Software Delivery,Application Development,Engineering Team,11,VP,Vice President - Innovation,Permanent,Active,45100000.0,Yes,Yes,,,2026-05-13 05:19:14,2026-05-13 05:19:14,,3.89,15.0,42.62295081967213,6.216867469879518,12.0,3.0,0,0,0,38.0,0,1.0
50,Arjun,Kapoor,Male,B+,Married,1985-08-17,Master,MBA - Business Administration,Anna University,2008,18,8,Leadership,Bangalore,Karnataka,India,Indian,2015-01-01,+91-9800000050,+91-9100000050,arjun.kapoor.50@company.com,1010,Technology,Information Security,Cyber Security Operations,Security Governance,Security Operations,Security Team,10,AVP,Associate Vice President - Technology,Permanent,Active,32150000.0,Yes,Yes,,,2026-05-13 05:19:14,2026-05-13 05:19:14,,3.78,15.0,50.81967213114754,6.9879518072289155,15.0,2.0,0,0,0,30.0,0,1.0
51,Rohan,Rao,Male,O+,Married,1985-09-18,Master,MBA - Business Administration,Amrita University,2008,18,8,Leadership,Bangalore,Karnataka,India,Indian,2015-01-01,+91-9800000051,+91-9100000051,rohan.rao.51@company.com,1010,Technology,Information Security,Cyber Security Operations,Security Governance,Security Operations,Security Team,10,AVP,Associate Vice President - Engineering,Permanent,Active,32200000.0,Yes,Yes,,,2026-05-13 05:19:14,2026-05-13 05:19:14,,3.78,15.0,40.16393442622951,5.734939759036145,16.0,1.0,0,0,0,37.0,0,1.0
52,Karthik,Singh,Male,AB+,Married,1985-10-19,Master,MBA - Business Administration,Delhi University,2008,18,8,Leadership,Bangalore,Karnataka,India,Indian,2015-01-01,+91-9800000052,+91-9100000052,karthik.singh.52@company.com,1010,Technology,Information Security,Cyber Security Operations,Security Governance,Security Operations,Security Team,10,AVP,Associate Vice President - Operations,Permanent,Active,32000000.0,Yes,Yes,,,2026-05-13 05:19:14,2026-05-13 05:19:14,,3.71,15.0,45.08196721311475,6.554216867469879,13.0,7.0,0,0,0,29.0,0,1.0
53,Nikhil,Gupta,Male,A-,Married,1985-11-20,Master,MBA - Business Administration,St Josephs Institute of Management,2008,18,8,Leadership,Bangalore,Karnataka,India,Indian,2015-01-01,+91-9800000053,+91-9100000053,nikhil.gupta.53@company.com,1010,Finance,Corporate Finance,Financial Operations,Finance,Finance Operations,Finance Team,10,AVP,Associate Vice President - Finance,Permanent,Active,32050000.0,Yes,Yes,,,2026-05-13 05:19:14,2026-05-13 05:19:14,,3.84,15.0,43.44262295081967,6.409638554216867,16.0,5.0,0,0,0,36.0,0,1.0
54,Rahul,Mishra,Male,B-,Married,1985-12-21,Master,MBA - Business Administration,Bangalore University,2008,18,8,Leadership,Bangalore,Karnataka,India,Indian,2015-01-01,+91-9800000054,+91-9100000054,rahul.mishra.54@company.com,1010,Human Resources,People Operations,Workforce Management,HR Operations,People Services,HR Team,10,AVP,Associate Vice President - Human Resources,Permanent,Active,32100000.0,Yes,Yes,,,2026-05-13 05:19:14,2026-05-13 05:19:14,,3.96,15.0,50.0,6.795180722891566,10.0,4.0,0,0,0,28.0,0,1.0
55,Vikram,Shetty,Male,O-,Married,1985-01-22,Master,MBA - Business Administration,PES University,2008,18,8,Leadership,Bangalore,Karnataka,India,Indian,2015-01-01,+91-9800000055,+91-9100000055,vikram.shetty.55@company.com,1010,Marketing,Brand & Growth,Marketing Operations,Digital Marketing,Campaign Operations,Marketing Team,10,AVP,Associate Vice President - Marketing,Permanent,Active,32150000.0,Yes,Yes,,,2026-05-13 05:19:14,2026-05-13 05:19:14,,3.83,15.0,44.26229508196721,6.650602409638554,16.0,7.0,0,0,0,35.0,0,1.0
56,Sanjay,Bose,Male,A+,Married,1985-02-23,Master,MBA - Business Administration,VTU Belagavi,2008,18,8,Leadership,Bangalore,Karnataka,India,Indian,2015-01-01,+91-9800000056,+91-9100000056,sanjay.bose.56@company.com,1010,Technology,Information Security,Cyber Security Operations,Security Governance,Security Operations,Security Team,10,AVP,Associate Vice President - Product,Permanent,Active,32200000.0,Yes,Yes,,,2026-05-13 05:19:14,2026-05-13 05:19:14,,3.77,15.0,49.18032786885246,6.891566265060241,23.0,3.0,0,0,0,27.0,0,1.0
57,Ananya,Sharma,Female,B+,Married,1985-03-24,Master,MBA - Business Administration,IIM Bangalore,2008,18,8,Leadership,Bangalore,Karnataka,India,Indian,2015-01-01,+91-9800000057,+91-9100000057,ananya.sharma.57@company.com,1010,Sales,Revenue Operations,Sales Operations,Business Growth,Client Acquisition,Sales Team,10,AVP,Associate Vice President - Sales,Permanent,Active,32000000.0,Yes,Yes,,,2026-05-13 05:19:14,2026-05-13 05:19:14,,3.71,15.0,50.81967213114754,6.9397590361445785,15.0,5.0,0,0,0,34.0,0,1.0
58,Diya,Iyer,Female,O+,Married,1985-04-25,Master,MBA - Business Administration,IIT Madras,2008,18,8,Leadership,Bangalore,Karnataka,India,Indian,2015-01-01,+91-9800000058,+91-9100000058,diya.iyer.58@company.com,1010,Technology,Information Security,Cyber Security Operations,Security Governance,Security Operations,Security Team,10,AVP,Associate Vice President - Strategy,Permanent,Active,32050000.0,Yes,Yes,,,2026-05-13 05:19:14,2026-05-13 05:19:14,,3.77,15.0,45.08196721311475,6.891566265060241,18.0,2.0,0,0,0,41.0,0,1.0
59,Myra,Nair,Female,AB+,Married,1985-05-26,Master,MBA - Business Administration,Christ University,2008,18,8,Leadership,Bangalore,Karnataka,India,Indian,2015-01-01,+91-9800000059,+91-9100000059,myra.nair.59@company.com,1010,Technology,Information Security,Cyber Security Operations,Security Governance,Security Operations,Security Team,10,AVP,Associate Vice President - Delivery,Permanent,Active,32100000.0,Yes,Yes,,,2026-05-13 05:19:14,2026-05-13 05:19:14,,3.74,15.0,52.459016393442624,6.9397590361445785,16.0,7.0,0,0,0,33.0,0,1.0
60,Sara,Kapoor,Female,A-,Married,1985-06-27,Master,MBA - Business Administration,Anna University,2008,18,8,Leadership,Bangalore,Karnataka,India,Indian,2015-01-01,+91-9800000060,+91-9100000060,sara.kapoor.60@company.com,1010,Technology,Information Security,Cyber Security Operations,Security Governance,Security Operations,Security Team,10,AVP,Associate Vice President - Customer Success,Permanent,Active,32150000.0,Yes,Yes,,,2026-05-13 05:19:14,2026-05-13 05:19:14,,3.79,15.0,45.90163934426229,6.120481927710843,24.0,2.0,0,0,0,40.0,0,1.0
61,Riya,Rao,Female,B-,Married,1985-07-01,Master,MBA - Business Administration,Amrita University,2008,18,8,Leadership,Bangalore,Karnataka,India,Indian,2015-01-01,+91-9800000061,+91-9100000061,riya.rao.61@company.com,1010,Technology,Information Security,Cyber Security Operations,Security Governance,Security Operations,Security Team,10,AVP,Associate Vice President - Enterprise Solutions,Permanent,Active,32200000.0,Yes,Yes,,,2026-05-13 05:19:14,2026-05-13 05:19:14,,3.85,15.0,42.62295081967213,6.457831325301205,18.0,3.0,0,0,0,32.0,0,1.0
62,Priya,Singh,Female,O-,Married,1985-08-02,Master,MBA - Business Administration,Delhi University,2008,18,8,Leadership,Bangalore,Karnataka,India,Indian,2015-01-01,+91-9800000062,+91-9100000062,priya.singh.62@company.com,1010,Technology,Information Security,Cyber Security Operations,Security Governance,Security Operations,Security Team,10,AVP,Associate Vice President - Data & AI,Permanent,Active,32000000.0,Yes,Yes,,,2026-05-13 05:19:14,2026-05-13 05:19:14,,3.89,15.0,50.0,6.457831325301205,15.0,1.0,0,0,0,39.0,0,1.0
63,Neha,Gupta,Female,A+,Married,1985-09-03,Master,MBA - Business Administration,St Josephs Institute of Management,2008,18,8,Leadership,Bangalore,Karnataka,India,Indian,2015-01-01,+91-9800000063,+91-9100000063,neha.gupta.63@company.com,1010,Technology,Information Security,Cyber Security Operations,Security Governance,Security Operations,Security Team,10,AVP,Associate Vice President - Innovation,Permanent,Active,32050000.0,Yes,Yes,,,2026-05-13 05:19:14,2026-05-13 05:19:14,,3.79,15.0,52.459016393442624,6.9879518072289155,15.0,5.0,0,0,0,31.0,0,1.0
64,Kavya,Mishra,Female,B+,Married,1987-10-04,Bachelor,BTech / MBA,Bangalore University,2010,16,4,Leadership,Bangalore,Karnataka,India,Indian,2015-01-01,+91-9800000064,+91-9100000064,kavya.mishra.64@company.com,1009,Technology,Engineering,Enterprise Systems,Software Delivery,Application Development,Engineering Team,9,Senior Director,Senior Director - Technology,Permanent,Active,24100000.0,Yes,Yes,,,2026-05-13 05:19:14,2026-05-13 05:19:14,,3.88,15.0,46.72131147540984,6.506024096385542,16.0,4.0,0,0,0,38.0,0,1.0
65,Meera,Shetty,Female,O+,Married,1987-11-05,Bachelor,BTech / MBA,PES University,2010,16,4,Leadership,Bangalore,Karnataka,India,Indian,2015-01-01,+91-9800000065,+91-9100000065,meera.shetty.65@company.com,1009,Technology,Engineering,Enterprise Systems,Software Delivery,Application Development,Engineering Team,9,Senior Director,Senior Director - Engineering,Permanent,Active,24150000.0,Yes,Yes,,,2026-05-13 05:19:14,2026-05-13 05:19:14,,3.68,15.0,53.278688524590166,7.0843373493975905,16.0,3.0,0,0,0,30.0,0,1.0
66,Sneha,Bose,Female,AB+,Married,1987-12-06,Bachelor,BTech / MBA,VTU Belagavi,2010,16,4,Leadership,Bangalore,Karnataka,India,Indian,2015-01-01,+91-9800000066,+91-9100000066,sneha.bose.66@company.com,1009,Technology,Engineering,Enterprise Systems,Software Delivery,Application Development,Engineering Team,9,Senior Director,Senior Director - Operations,Permanent,Active,24200000.0,Yes,Yes,,,2026-05-13 05:19:14,2026-05-13 05:19:14,,3.59,15.0,49.18032786885246,6.265060240963855,15.0,7.0,0,0,0,37.0,0,1.0
67,Aarav,Sharma,Male,A-,Married,1987-01-07,Bachelor,BTech / MBA,IIM Bangalore,2010,16,4,Leadership,Bangalore,Karnataka,India,Indian,2015-01-01,+91-9800000067,+91-9100000067,aarav.sharma.67@company.com,1009,Finance,Corporate Finance,Financial Operations,Finance,Finance Operations,Finance Team,9,Senior Director,Senior Director - Finance,Permanent,Active,24000000.0,Yes,Yes,,,2026-05-13 05:19:14,2026-05-13 05:19:14,,3.49,10.0,50.81967213114754,6.602409638554217,11.0,6.0,0,0,0,29.0,0,1.0
68,Vivaan,Iyer,Male,B-,Married,1987-02-08,Bachelor,BTech / MBA,IIT Madras,2010,16,4,Leadership,Bangalore,Karnataka,India,Indian,2015-01-01,+91-9800000068,+91-9100000068,vivaan.iyer.68@company.com,1009,Human Resources,People Operations,Workforce Management,HR Operations,People Services,HR Team,9,Senior Director,Senior Director - Human Resources,Permanent,Active,24050000.0,Yes,Yes,,,2026-05-13 05:19:14,2026-05-13 05:19:14,,3.84,15.0,46.72131147540984,6.9397590361445785,21.0,5.0,0,0,0,36.0,0,1.0
69,Aditya,Nair,Male,O-,Married,1987-03-09,Bachelor,BTech / MBA,Christ University,2010,16,4,Leadership,Bangalore,Karnataka,India,Indian,2015-01-01,+91-9800000069,+91-9100000069,aditya.nair.69@company.com,1009,Marketing,Brand & Growth,Marketing Operations,Digital Marketing,Campaign Operations,Marketing Team,9,Senior Director,Senior Director - Marketing,Permanent,Active,24100000.0,Yes,Yes,,,2026-05-13 05:19:14,2026-05-13 05:19:14,,3.74,15.0,54.09836065573771,7.132530120481928,20.0,4.0,0,0,0,28.0,0,1.0
70,Arjun,Kapoor,Male,A+,Married,1987-04-10,Bachelor,BTech / MBA,Anna University,2010,16,4,Leadership,Bangalore,Karnataka,India,Indian,2015-01-01,+91-9800000070,+91-9100000070,arjun.kapoor.70@company.com,1009,Product,Product Management,Product Strategy,Product Delivery,Product Operations,Product Team,9,Senior Director,Senior Director - Product,Permanent,Active,24150000.0,Yes,Yes,,,2026-05-13 05:19:14,2026-05-13 05:19:14,,3.75,15.0,45.90163934426229,6.650602409638554,17.0,5.0,0,0,0,35.0,0,1.0
71,Rohan,Rao,Male,B+,Married,1987-05-11,Bachelor,BTech / MBA,Amrita University,2010,16,4,Leadership,Bangalore,Karnataka,India,Indian,2015-01-01,+91-9800000071,+91-9100000071,rohan.rao.71@company.com,1009,Sales,Revenue Operations,Sales Operations,Business Growth,Client Acquisition,Sales Team,9,Senior Director,Senior Director - Sales,Permanent,Active,24200000.0,Yes,Yes,,,2026-05-13 05:19:14,2026-05-13 05:19:14,,3.62,15.0,42.62295081967213,6.216867469879518,10.0,3.0,0,0,0,27.0,0,1.0
72,Karthik,Singh,Male,O+,Married,1987-06-12,Bachelor,BTech / MBA,Delhi University,2010,16,4,Leadership,Bangalore,Karnataka,India,Indian,2015-01-01,+91-9800000072,+91-9100000072,karthik.singh.72@company.com,1009,Technology,Engineering,Enterprise Systems,Software Delivery,Application Development,Engineering Team,9,Senior Director,Senior Director - Strategy,Permanent,Active,24000000.0,Yes,Yes,,,2026-05-13 05:19:14,2026-05-13 05:19:14,,3.46,10.0,44.26229508196721,6.843373493975903,11.0,4.0,0,0,0,34.0,0,1.0
73,Nikhil,Gupta,Male,AB+,Married,1987-07-13,Bachelor,BTech / MBA,St Josephs Institute of Management,2010,16,4,Leadership,Bangalore,Karnataka,India,Indian,2015-01-01,+91-9800000073,+91-9100000073,nikhil.gupta.73@company.com,1009,Delivery,Program Delivery,Project Management,Delivery Operations,PMO,Delivery Team,9,Senior Director,Senior Director - Delivery,Permanent,Active,24050000.0,Yes,Yes,,,2026-05-13 05:19:14,2026-05-13 05:19:14,,3.67,15.0,45.90163934426229,6.506024096385542,19.0,5.0,0,0,0,41.0,0,1.0
74,Rahul,Mishra,Male,A-,Married,1987-08-14,Bachelor,BTech / MBA,Bangalore University,2010,16,4,Leadership,Bangalore,Karnataka,India,Indian,2015-01-01,+91-9800000074,+91-9100000074,rahul.mishra.74@company.com,1009,Technology,Engineering,Enterprise Systems,Software Delivery,Application Development,Engineering Team,9,Senior Director,Senior Director - Customer Success,Permanent,Active,24100000.0,Yes,Yes,,,2026-05-13 05:19:14,2026-05-13 05:19:14,,3.63,15.0,41.80327868852459,6.072289156626506,12.0,2.0,0,0,0,33.0,0,1.0
75,Vikram,Shetty,Male,B-,Married,1987-09-15,Bachelor,BTech / MBA,PES University,2010,16,4,Leadership,Bangalore,Karnataka,India,Indian,2015-01-01,+91-9800000075,+91-9100000075,vikram.shetty.75@company.com,1009,Technology,Engineering,Enterprise Systems,Software Delivery,Application Development,Engineering Team,9,Senior Director,Senior Director - Enterprise Solutions,Permanent,Active,24150000.0,Yes,Yes,,,2026-05-13 05:19:14,2026-05-13 05:19:14,,3.65,15.0,53.278688524590166,6.9879518072289155,19.0,6.0,0,0,0,40.0,0,1.0
76,Sanjay,Bose,Male,O-,Married,1987-10-16,Bachelor,BTech / MBA,VTU Belagavi,2010,16,4,Leadership,Bangalore,Karnataka,India,Indian,2015-01-01,+91-9800000076,+91-9100000076,sanjay.bose.76@company.com,1009,Technology,Data & AI,Analytics Platforms,Data Intelligence,AI & Analytics,Data Team,9,Senior Director,Senior Director - Data & AI,Permanent,Active,24200000.0,Yes,Yes,,,2026-05-13 05:19:14,2026-05-13 05:19:14,,3.52,15.0,49.18032786885246,6.9879518072289155,16.0,2.0,0,0,0,32.0,0,1.0
77,Ananya,Sharma,Female,A+,Married,1987-11-17,Bachelor,BTech / MBA,IIM Bangalore,2010,16,4,Leadership,Bangalore,Karnataka,India,Indian,2015-01-01,+91-9800000077,+91-9100000077,ananya.sharma.77@company.com,1009,Technology,Engineering,Enterprise Systems,Software Delivery,Application Development,Engineering Team,9,Senior Director,Senior Director - Innovation,Permanent,Active,24000000.0,Yes,Yes,,,2026-05-13 05:19:14,2026-05-13 05:19:14,,3.66,15.0,56.557377049180324,7.036144578313253,18.0,2.0,0,0,0,39.0,0,1.0
78,Diya,Iyer,Female,B+,Married,1988-12-18,Bachelor,BTech / MBA,IIT Madras,2011,15,1,Senior,Bangalore,Karnataka,India,Indian,2015-01-01,+91-9800000078,+91-9100000078,diya.iyer.78@company.com,1008,Technology,Engineering,Enterprise Systems,Software Delivery,Application Development,Engineering Team,8,Director,Director - Technology,Permanent,Active,18050000.0,Yes,Yes,,,2026-05-13 05:19:14,2026-05-13 05:19:14,,3.38,10.0,41.80327868852459,6.168674698795181,14.0,7.0,0,0,0,31.0,0,1.0
79,Myra,Nair,Female,O+,Married,1988-01-19,Bachelor,BTech / MBA,Christ University,2011,15,1,Senior,Bangalore,Karnataka,India,Indian,2015-01-01,+91-9800000079,+91-9100000079,myra.nair.79@company.com,1008,Technology,Engineering,Enterprise Systems,Software Delivery,Application Development,Engineering Team,8,Director,Director - Engineering,Permanent,Active,18100000.0,Yes,Yes,,,2026-05-13 05:19:14,2026-05-13 05:19:14,,3.6,15.0,52.459016393442624,7.0843373493975905,11.0,5.0,0,0,0,38.0,0,1.0
80,Sara,Kapoor,Female,AB+,Married,1988-02-20,Bachelor,BTech / MBA,Anna University,2011,15,1,Senior,Bangalore,Karnataka,India,Indian,2015-01-01,+91-9800000080,+91-9100000080,sara.kapoor.80@company.com,1008,Technology,Engineering,Enterprise Systems,Software Delivery,Application Development,Engineering Team,8,Director,Director - Operations,Permanent,Active,18150000.0,Yes,Yes,,,2026-05-13 05:19:14,2026-05-13 05:19:14,,3.7,15.0,50.81967213114754,6.891566265060241,31.0,5.0,0,0,0,30.0,0,1.0
81,Riya,Rao,Female,A-,Married,1988-03-21,Bachelor,BTech / MBA,Amrita University,2011,15,1,Senior,Bangalore,Karnataka,India,Indian,2015-01-01,+91-9800000081,+91-9100000081,riya.rao.81@company.com,1008,Finance,Corporate Finance,Financial Operations,Finance,Finance Operations,Finance Team,8,Director,Director - Finance,Permanent,Active,18200000.0,Yes,Yes,,,2026-05-13 05:19:14,2026-05-13 05:19:14,,3.67,15.0,46.72131147540984,6.457831325301205,15.0,4.0,0,0,0,37.0,0,1.0
82,Priya,Singh,Female,B-,Married,1988-04-22,Bachelor,BTech / MBA,Delhi University,2011,15,1,Senior,Bangalore,Karnataka,India,Indian,2015-01-01,+91-9800000082,+91-9100000082,priya.singh.82@company.com,1008,Human Resources,People Operations,Workforce Management,HR Operations,People Services,HR Team,8,Director,Director - Human Resources,Permanent,Active,18000000.0,Yes,Yes,,,2026-05-13 05:19:14,2026-05-13 05:19:14,,3.51,15.0,50.81967213114754,6.698795180722891,14.0,8.0,0,0,0,29.0,0,1.0
83,Neha,Gupta,Female,O-,Married,1988-05-23,Bachelor,BTech / MBA,St Josephs Institute of Management,2011,15,1,Senior,Bangalore,Karnataka,India,Indian,2015-01-01,+91-9800000083,+91-9100000083,neha.gupta.83@company.com,1008,Marketing,Brand & Growth,Marketing Operations,Digital Marketing,Campaign Operations,Marketing Team,8,Director,Director - Marketing,Permanent,Active,18050000.0,Yes,Yes,,,2026-05-13 05:19:14,2026-05-13 05:19:14,,3.56,15.0,40.98360655737705,6.457831325301205,28.0,4.0,0,0,0,36.0,0,1.0
84,Kavya,Mishra,Female,A+,Married,1988-06-24,Bachelor,BTech / MBA,Bangalore University,2011,15,1,Senior,Bangalore,Karnataka,India,Indian,2015-01-01,+91-9800000084,+91-9100000084,kavya.mishra.84@company.com,1008,Product,Product Management,Product Strategy,Product Delivery,Product Operations,Product Team,8,Director,Director - Product,Permanent,Active,18100000.0,Yes,Yes,,,2026-05-13 05:19:14,2026-05-13 05:19:14,,3.71,15.0,45.90163934426229,6.409638554216867,16.0,5.0,0,0,0,28.0,0,1.0
85,Meera,Shetty,Female,B+,Married,1988-07-25,Bachelor,BTech / MBA,PES University,2011,15,1,Senior,Bangalore,Karnataka,India,Indian,2015-01-01,+91-9800000085,+91-9100000085,meera.shetty.85@company.com,1008,Sales,Revenue Operations,Sales Operations,Business Growth,Client Acquisition,Sales Team,8,Director,Director - Sales,Permanent,Active,18150000.0,Yes,Yes,,,2026-05-13 05:19:14,2026-05-13 05:19:14,,3.82,15.0,44.26229508196721,6.602409638554217,23.0,5.0,0,0,0,35.0,0,1.0
86,Sneha,Bose,Female,O+,Married,1988-08-26,Bachelor,BTech / MBA,VTU Belagavi,2011,15,1,Senior,Bangalore,Karnataka,India,Indian,2015-01-01,+91-9800000086,+91-9100000086,sneha.bose.86@company.com,1008,Technology,Engineering,Enterprise Systems,Software Delivery,Application Development,Engineering Team,8,Director,Director - Strategy,Permanent,Active,18200000.0,Yes,Yes,,,2026-05-13 05:19:14,2026-05-13 05:19:14,,3.47,10.0,52.459016393442624,6.843373493975903,15.0,11.0,0,0,0,27.0,0,1.0
87,Aarav,Sharma,Male,AB+,Married,1988-09-27,Bachelor,BTech / MBA,IIM Bangalore,2011,15,1,Senior,Bangalore,Karnataka,India,Indian,2015-01-01,+91-9800000087,+91-9100000087,aarav.sharma.87@company.com,1008,Delivery,Program Delivery,Project Management,Delivery Operations,PMO,Delivery Team,8,Director,Director - Delivery,Permanent,Active,18000000.0,Yes,Yes,,,2026-05-13 05:19:14,2026-05-13 05:19:14,,3.78,15.0,50.81967213114754,6.602409638554217,16.0,2.0,0,0,0,34.0,0,1.0
88,Vivaan,Iyer,Male,A-,Married,1988-10-01,Bachelor,BTech / MBA,IIT Madras,2011,15,1,Senior,Bangalore,Karnataka,India,Indian,2015-01-01,+91-9800000088,+91-9100000088,vivaan.iyer.88@company.com,1008,Technology,Engineering,Enterprise Systems,Software Delivery,Application Development,Engineering Team,8,Director,Director - Customer Success,Permanent,Active,18050000.0,Yes,Yes,,,2026-05-13 05:19:14,2026-05-13 05:19:14,,3.71,15.0,42.62295081967213,6.265060240963855,22.0,4.0,0,0,0,41.0,0,1.0
89,Aditya,Nair,Male,B-,Married,1988-11-02,Bachelor,BTech / MBA,Christ University,2011,15,1,Senior,Bangalore,Karnataka,India,Indian,2015-01-01,+91-9800000089,+91-9100000089,aditya.nair.89@company.com,1008,Technology,Engineering,Enterprise Systems,Software Delivery,Application Development,Engineering Team,8,Director,Director - Enterprise Solutions,Permanent,Active,18100000.0,Yes,Yes,,,2026-05-13 05:19:14,2026-05-13 05:19:14,,3.62,15.0,47.540983606557376,6.650602409638554,18.0,7.0,0,0,0,33.0,0,1.0
90,Arjun,Kapoor,Male,O-,Married,1988-12-03,Bachelor,BTech / MBA,Anna University,2011,15,1,Senior,Bangalore,Karnataka,India,Indian,2015-01-01,+91-9800000090,+91-9100000090,arjun.kapoor.90@company.com,1008,Technology,Data & AI,Analytics Platforms,Data Intelligence,AI & Analytics,Data Team,8,Director,Director - Data & AI,Permanent,Active,18150000.0,Yes,Yes,,,2026-05-13 05:19:14,2026-05-13 05:19:14,,3.56,15.0,49.18032786885246,6.650602409638554,16.0,5.0,0,0,0,40.0,0,1.0
91,Rohan,Rao,Male,A+,Married,1988-01-04,Bachelor,BTech / MBA,Amrita University,2011,15,1,Senior,Bangalore,Karnataka,India,Indian,2015-01-01,+91-9800000091,+91-9100000091,rohan.rao.91@company.com,1008,Technology,Engineering,Enterprise Systems,Software Delivery,Application Development,Engineering Team,8,Director,Director - Innovation,Permanent,Active,18200000.0,Yes,Yes,,,2026-05-13 05:19:14,2026-05-13 05:19:14,,3.5,15.0,48.36065573770492,6.650602409638554,13.0,4.0,0,0,0,32.0,0,1.0
92,Karthik,Singh,Male,B+,Married,1990-02-05,Bachelor,BTech / MBA,Delhi University,2013,13,7,Senior,Bangalore,Karnataka,India,Indian,2015-01-01,+91-9800000092,+91-9100000092,karthik.singh.92@company.com,1007,Technology,Information Security,Cyber Security Operations,Security Governance,Security Operations,Security Team,7,Associate Director,Associate Director - Technology,Permanent,Active,13500000.0,Yes,Yes,,,2026-05-13 05:19:14,2026-05-13 05:19:14,,3.56,15.0,48.36065573770492,6.457831325301205,19.0,4.0,0,0,0,39.0,0,36.0
93,Nikhil,Gupta,Male,O+,Married,1990-03-06,Bachelor,BTech / MBA,St Josephs Institute of Management,2013,13,7,Senior,Bangalore,Karnataka,India,Indian,2015-01-01,+91-9800000093,+91-9100000093,nikhil.gupta.93@company.com,1007,Technology,Information Security,Cyber Security Operations,Security Governance,Security Operations,Security Team,7,Associate Director,Associate Director - Engineering,Permanent,Active,13550000.0,Yes,Yes,,,2026-05-13 05:19:14,2026-05-13 05:19:14,,3.64,15.0,44.26229508196721,6.650602409638554,12.0,5.0,0,0,0,31.0,0,1.0
94,Rahul,Mishra,Male,AB+,Married,1990-04-07,Bachelor,BTech / MBA,Bangalore University,2013,13,7,Senior,Bangalore,Karnataka,India,Indian,2015-01-01,+91-9800000094,+91-9100000094,rahul.mishra.94@company.com,1007,Technology,Information Security,Cyber Security Operations,Security Governance,Security Operations,Security Team,7,Associate Director,Associate Director - Operations,Permanent,Active,13600000.0,Yes,Yes,,,2026-05-13 05:19:14,2026-05-13 05:19:14,,3.57,15.0,53.278688524590166,6.843373493975903,24.0,8.0,0,0,0,38.0,0,1.0
95,Vikram,Shetty,Male,A-,Married,1990-05-08,Bachelor,BTech / MBA,PES University,2013,13,7,Senior,Bangalore,Karnataka,India,Indian,2015-01-01,+91-9800000095,+91-9100000095,vikram.shetty.95@company.com,1007,Finance,Corporate Finance,Financial Operations,Finance,Finance Operations,Finance Team,7,Associate Director,Associate Director - Finance,Permanent,Active,13650000.0,Yes,Yes,,,2026-05-13 05:19:14,2026-05-13 05:19:14,,3.66,15.0,40.98360655737705,5.975903614457831,16.0,5.0,0,0,0,30.0,0,1.0
96,Sanjay,Bose,Male,B-,Married,1990-06-09,Bachelor,BTech / MBA,VTU Belagavi,2013,13,7,Senior,Bangalore,Karnataka,India,Indian,2015-01-01,+91-9800000096,+91-9100000096,sanjay.bose.96@company.com,1007,Human Resources,People Operations,Workforce Management,HR Operations,People Services,HR Team,7,Associate Director,Associate Director - Human Resources,Permanent,Active,13700000.0,Yes,Yes,,,2026-05-13 05:19:14,2026-05-13 05:19:14,,3.71,15.0,47.540983606557376,6.843373493975903,16.0,4.0,0,0,0,37.0,0,1.0
97,Ananya,Sharma,Female,O-,Married,1990-07-10,Bachelor,BTech / MBA,IIM Bangalore,2013,13,7,Senior,Bangalore,Karnataka,India,Indian,2015-01-01,+91-9800000097,+91-9100000097,ananya.sharma.97@company.com,1007,Marketing,Brand & Growth,Marketing Operations,Digital Marketing,Campaign Operations,Marketing Team,7,Associate Director,Associate Director - Marketing,Permanent,Active,13500000.0,Yes,Yes,,,2026-05-13 05:19:14,2026-05-13 05:19:14,,3.57,15.0,46.72131147540984,6.746987951807229,11.0,6.0,0,0,0,29.0,0,1.0
98,Diya,Iyer,Female,A+,Married,1990-08-11,Bachelor,BTech / MBA,IIT Madras,2013,13,7,Senior,Bangalore,Karnataka,India,Indian,2015-01-01,+91-9800000098,+91-9100000098,diya.iyer.98@company.com,1007,Technology,Information Security,Cyber Security Operations,Security Governance,Security Operations,Security Team,7,Associate Director,Associate Director - Product,Permanent,Active,13550000.0,Yes,Yes,,,2026-05-13 05:19:14,2026-05-13 05:19:14,,3.73,15.0,44.26229508196721,6.409638554216867,18.0,7.0,0,0,0,36.0,0,1.0
99,Myra,Nair,Female,B+,Married,1990-09-12,Bachelor,BTech / MBA,Christ University,2013,13,7,Senior,Bangalore,Karnataka,India,Indian,2015-01-01,+91-9800000099,+91-9100000099,myra.nair.99@company.com,1007,Sales,Revenue Operations,Sales Operations,Business Growth,Client Acquisition,Sales Team,7,Associate Director,Associate Director - Sales,Permanent,Active,13600000.0,Yes,Yes,,,2026-05-13 05:19:14,2026-05-13 05:19:14,,3.27,10.0,45.08196721311475,6.746987951807229,16.0,2.0,0,0,0,28.0,0,1.0
100,Sara,Kapoor,Female,O+,Married,1990-10-13,Bachelor,BTech / MBA,Anna University,2013,13,7,Senior,Bangalore,Karnataka,India,Indian,2015-01-01,+91-9800000100,+91-9100000100,sara.kapoor.100@company.com,1007,Technology,Information Security,Cyber Security Operations,Security Governance,Security Operations,Security Team,7,Associate Director,Associate Director - Strategy,Permanent,Active,13650000.0,Yes,Yes,,,2026-05-13 05:19:14,2026-05-13 05:19:14,,3.69,15.0,49.18032786885246,6.554216867469879,14.0,3.0,0,0,0,35.0,0,1.0
101,Riya,Rao,Female,AB+,Married,1990-11-14,Bachelor,BTech / MBA,Amrita University,2013,13,7,Senior,Bangalore,Karnataka,India,Indian,2015-01-01,+91-9800000101,+91-9100000101,riya.rao.101@company.com,1007,Technology,Information Security,Cyber Security Operations,Security Governance,Security Operations,Security Team,7,Associate Director,Associate Director - Delivery,Permanent,Active,13700000.0,Yes,Yes,,,2026-05-13 05:19:14,2026-05-13 05:19:14,,3.54,15.0,45.08196721311475,6.506024096385542,10.0,4.0,0,0,0,27.0,0,1.0
102,Priya,Singh,Female,A-,Married,1990-12-15,Bachelor,BTech / MBA,Delhi University,2013,13,7,Senior,Bangalore,Karnataka,India,Indian,2015-01-01,+91-9800000102,+91-9100000102,priya.singh.102@company.com,1007,Technology,Information Security,Cyber Security Operations,Security Governance,Security Operations,Security Team,7,Associate Director,Associate Director - Customer Success,Permanent,Active,13500000.0,Yes,Yes,,,2026-05-13 05:19:14,2026-05-13 05:19:14,,3.85,15.0,43.44262295081967,6.409638554216867,19.0,6.0,0,0,0,34.0,0,1.0
103,Neha,Gupta,Female,B-,Married,1990-01-16,Bachelor,BTech / MBA,St Josephs Institute of Management,2013,13,7,Senior,Bangalore,Karnataka,India,Indian,2015-01-01,+91-9800000103,+91-9100000103,neha.gupta.103@company.com,1007,Technology,Information Security,Cyber Security Operations,Security Governance,Security Operations,Security Team,7,Associate Director,Associate Director - Enterprise Solutions,Permanent,Active,13550000.0,Yes,Yes,,,2026-05-13 05:19:14,2026-05-13 05:19:14,,3.7,15.0,50.0,6.891566265060241,10.0,3.0,0,0,0,41.0,0,1.0
104,Kavya,Mishra,Female,O-,Married,1990-02-17,Bachelor,BTech / MBA,Bangalore University,2013,13,7,Senior,Bangalore,Karnataka,India,Indian,2015-01-01,+91-9800000104,+91-9100000104,kavya.mishra.104@company.com,1007,Technology,Information Security,Cyber Security Operations,Security Governance,Security Operations,Security Team,7,Associate Director,Associate Director - Data & AI,Permanent,Active,13600000.0,Yes,Yes,,,2026-05-13 05:19:14,2026-05-13 05:19:14,,3.61,15.0,52.459016393442624,7.0843373493975905,25.0,5.0,0,0,0,33.0,0,1.0
105,Meera,Shetty,Female,A+,Married,1990-03-18,Bachelor,BTech / MBA,PES University,2013,13,7,Senior,Bangalore,Karnataka,India,Indian,2015-01-01,+91-9800000105,+91-9100000105,meera.shetty.105@company.com,1007,Technology,Information Security,Cyber Security Operations,Security Governance,Security Operations,Security Team,7,Associate Director,Associate Director - Innovation,Permanent,Active,13650000.0,Yes,Yes,,,2026-05-13 05:19:14,2026-05-13 05:19:14,,3.6,15.0,45.08196721311475,6.36144578313253,19.0,3.0,0,0,0,40.0,0,1.0
106,Sneha,Bose,Female,B+,Married,1992-04-19,Bachelor,BTech / MBA,VTU Belagavi,2015,11,5,Senior,Bangalore,Karnataka,India,Indian,2015-01-01,+91-9800000106,+91-9100000106,sneha.bose.106@company.com,1006,Technology,Engineering,Enterprise Systems,Software Delivery,Application Development,Engineering Team,6,Senior Manager,Senior Manager - Technology,Permanent,Active,9700000.0,Yes,Yes,,,2026-05-13 05:19:14,2026-05-13 05:19:14,,3.67,15.0,48.36065573770492,6.746987951807229,13.0,5.0,0,0,0,32.0,0,1.0
107,Aarav,Sharma,Male,O+,Married,1992-05-20,Bachelor,BTech / MBA,IIM Bangalore,2015,11,5,Senior,Bangalore,Karnataka,India,Indian,2015-01-01,+91-9800000107,+91-9100000107,aarav.sharma.107@company.com,1006,Technology,Engineering,Enterprise Systems,Software Delivery,Application Development,Engineering Team,6,Senior Manager,Senior Manager - Engineering,Permanent,Active,9500000.0,Yes,Yes,,,2026-05-13 05:19:14,2026-05-13 05:19:14,,3.64,15.0,44.26229508196721,6.409638554216867,21.0,5.0,0,0,0,39.0,0,0.0
108,Vivaan,Iyer,Male,AB+,Married,1992-06-21,Bachelor,BTech / MBA,IIT Madras,2015,11,5,Senior,Bangalore,Karnataka,India,Indian,2015-01-01,+91-9800000108,+91-9100000108,vivaan.iyer.108@company.com,1006,Technology,Engineering,Enterprise Systems,Software Delivery,Application Development,Engineering Team,6,Senior Manager,Senior Manager - Operations,Permanent,Active,9550000.0,Yes,Yes,,,2026-05-13 05:19:14,2026-05-13 05:19:14,,3.3,10.0,42.62295081967213,6.313253012048193,11.0,6.0,0,0,0,31.0,0,0.0
109,Aditya,Nair,Male,A-,Married,1992-07-22,Bachelor,BTech / MBA,Christ University,2015,11,5,Senior,Bangalore,Karnataka,India,Indian,2015-01-01,+91-9800000109,+91-9100000109,aditya.nair.109@company.com,1006,Finance,Corporate Finance,Financial Operations,Finance,Finance Operations,Finance Team,6,Senior Manager,Senior Manager - Finance,Permanent,Active,9600000.0,Yes,Yes,,,2026-05-13 05:19:14,2026-05-13 05:19:14,,3.46,10.0,51.63934426229508,6.843373493975903,16.0,5.0,0,0,0,38.0,0,12.0
110,Arjun,Kapoor,Male,B-,Married,1992-08-23,Bachelor,BTech / MBA,Anna University,2015,11,5,Senior,Bangalore,Karnataka,India,Indian,2015-01-01,+91-9800000110,+91-9100000110,arjun.kapoor.110@company.com,1006,Human Resources,People Operations,Workforce Management,HR Operations,People Services,HR Team,6,Senior Manager,Senior Manager - Human Resources,Permanent,Active,9650000.0,Yes,Yes,,,2026-05-13 05:19:14,2026-05-13 05:19:14,,3.44,10.0,50.81967213114754,6.9879518072289155,13.0,4.0,0,0,0,30.0,0,9.0
111,Rohan,Rao,Male,O-,Married,1992-09-24,Bachelor,BTech / MBA,Amrita University,2015,11,5,Senior,Bangalore,Karnataka,India,Indian,2015-01-01,+91-9800000111,+91-9100000111,rohan.rao.111@company.com,1006,Marketing,Brand & Growth,Marketing Operations,Digital Marketing,Campaign Operations,Marketing Team,6,Senior Manager,Senior Manager - Marketing,Permanent,Active,9700000.0,Yes,Yes,,,2026-05-13 05:19:14,2026-05-13 05:19:14,,3.4,10.0,49.18032786885246,6.698795180722891,16.0,11.0,0,0,0,37.0,0,10.0
112,Karthik,Singh,Male,A+,Married,1992-10-25,Bachelor,BTech / MBA,Delhi University,2015,11,5,Senior,Bangalore,Karnataka,India,Indian,2015-01-01,+91-9800000112,+91-9100000112,karthik.singh.112@company.com,1006,Product,Product Management,Product Strategy,Product Delivery,Product Operations,Product Team,6,Senior Manager,Senior Manager - Product,Permanent,Active,9500000.0,Yes,Yes,,,2026-05-13 05:19:14,2026-05-13 05:19:14,,3.59,15.0,52.459016393442624,7.036144578313253,16.0,4.0,0,0,0,29.0,0,4.0
113,Nikhil,Gupta,Male,B+,Married,1992-11-26,Bachelor,BTech / MBA,St Josephs Institute of Management,2015,11,5,Senior,Bangalore,Karnataka,India,Indian,2015-01-01,+91-9800000113,+91-9100000113,nikhil.gupta.113@company.com,1006,Sales,Revenue Operations,Sales Operations,Business Growth,Client Acquisition,Sales Team,6,Senior Manager,Senior Manager - Sales,Permanent,Active,9550000.0,Yes,Yes,,,2026-05-13 05:19:14,2026-05-13 05:19:14,,3.73,15.0,42.62295081967213,6.409638554216867,22.0,6.0,0,0,0,36.0,0,11.0
114,Rahul,Mishra,Male,O+,Married,1992-12-27,Bachelor,BTech / MBA,Bangalore University,2015,11,5,Senior,Bangalore,Karnataka,India,Indian,2015-01-01,+91-9800000114,+91-9100000114,rahul.mishra.114@company.com,1006,Technology,Engineering,Enterprise Systems,Software Delivery,Application Development,Engineering Team,6,Senior Manager,Senior Manager - Strategy,Permanent,Active,9600000.0,Yes,Yes,,,2026-05-13 05:19:14,2026-05-13 05:19:14,,3.44,10.0,53.278688524590166,7.325301204819277,34.0,5.0,0,0,0,28.0,0,0.0
115,Vikram,Shetty,Male,AB+,Married,1992-01-01,Bachelor,BTech / MBA,PES University,2015,11,5,Senior,Bangalore,Karnataka,India,Indian,2015-01-01,+91-9800000115,+91-9100000115,vikram.shetty.115@company.com,1006,Delivery,Program Delivery,Project Management,Delivery Operations,PMO,Delivery Team,6,Senior Manager,Senior Manager - Delivery,Permanent,Active,9650000.0,Yes,Yes,,,2026-05-13 05:19:14,2026-05-13 05:19:14,,3.41,10.0,48.36065573770492,6.602409638554217,7.0,5.0,0,0,0,35.0,0,15.0
116,Sanjay,Bose,Male,A-,Married,1992-02-02,Bachelor,BTech / MBA,VTU Belagavi,2015,11,5,Senior,Bangalore,Karnataka,India,Indian,2015-01-01,+91-9800000116,+91-9100000116,sanjay.bose.116@company.com,1006,Technology,Engineering,Enterprise Systems,Software Delivery,Application Development,Engineering Team,6,Senior Manager,Senior Manager - Customer Success,Permanent,Active,9700000.0,Yes,Yes,,,2026-05-13 05:19:14,2026-05-13 05:19:14,,3.52,15.0,50.81967213114754,6.795180722891566,19.0,9.0,0,0,0,27.0,0,0.0
117,Ananya,Sharma,Female,B-,Married,1992-03-03,Bachelor,BTech / MBA,IIM Bangalore,2015,11,5,Senior,Bangalore,Karnataka,India,Indian,2015-01-01,+91-9800000117,+91-9100000117,ananya.sharma.117@company.com,1006,Technology,Engineering,Enterprise Systems,Software Delivery,Application Development,Engineering Team,6,Senior Manager,Senior Manager - Enterprise Solutions,Permanent,Active,9500000.0,Yes,Yes,,,2026-05-13 05:19:14,2026-05-13 05:19:14,,3.33,10.0,50.0,6.506024096385542,20.0,4.0,0,0,0,34.0,0,0.0
118,Diya,Iyer,Female,O-,Married,1992-04-04,Bachelor,BTech / MBA,IIT Madras,2015,11,5,Senior,Bangalore,Karnataka,India,Indian,2015-01-01,+91-9800000118,+91-9100000118,diya.iyer.118@company.com,1006,Technology,Data & AI,Analytics Platforms,Data Intelligence,AI & Analytics,Data Team,6,Senior Manager,Senior Manager - Data & AI,Permanent,Active,9550000.0,Yes,Yes,,,2026-05-13 05:19:14,2026-05-13 05:19:14,,3.65,15.0,40.98360655737705,5.879518072289157,21.0,2.0,0,0,0,41.0,0,32.0
119,Myra,Nair,Female,A+,Married,1992-05-05,Bachelor,BTech / MBA,Christ University,2015,11,5,Senior,Bangalore,Karnataka,India,Indian,2015-01-01,+91-9800000119,+91-9100000119,myra.nair.119@company.com,1006,Technology,Engineering,Enterprise Systems,Software Delivery,Application Development,Engineering Team,6,Senior Manager,Senior Manager - Innovation,Permanent,Active,9600000.0,Yes,Yes,,,2026-05-13 05:19:14,2026-05-13 05:19:14,,3.47,10.0,51.63934426229508,6.554216867469879,14.0,7.0,0,0,0,33.0,0,0.0
120,Sara,Kapoor,Female,B+,Married,1992-06-06,Bachelor,BTech / MBA,Anna University,2015,11,5,Senior,Bangalore,Karnataka,India,Indian,2015-01-01,+91-9800000120,+91-9100000120,sara.kapoor.120@company.com,1006,Operations,Transport & Logistics,Supply Chain Operations,Logistics,Transport Operations,Logistics Team,6,Senior Manager,Senior Manager - Transport and Logistics,Permanent,Active,9650000.0,Yes,Yes,,,2026-05-13 05:19:14,2026-05-13 05:19:14,,3.79,15.0,50.0,7.036144578313253,18.0,5.0,0,0,0,40.0,0,56.0
121,Riya,Rao,Female,O+,Married,1994-07-07,Bachelor,BTech / BCA,Amrita University,2017,9,6,Senior,Bangalore,Karnataka,India,Indian,2017-01-01,+91-9800000121,+91-9100000121,riya.rao.121@company.com,1005,Technology,Engineering,Enterprise Systems,Software Delivery,Application Development,Engineering Team,5,Manager,Manager,Permanent,Active,6700000.0,Yes,Yes,,,2026-05-13 05:19:14,2026-05-13 05:19:14,,3.5,15.0,49.18032786885246,6.409638554216867,7.0,2.0,0,0,0,32.0,0,1.0
122,Priya,Singh,Female,AB+,Married,1994-08-08,Bachelor,BTech / BCA,Delhi University,2017,9,6,Senior,Bangalore,Karnataka,India,Indian,2017-01-01,+91-9800000122,+91-9100000122,priya.singh.122@company.com,1005,Delivery,Program Delivery,Project Management,Delivery Operations,PMO,Delivery Team,5,Manager,Project Manager,Permanent,Active,6500000.0,Yes,Yes,,,2026-05-13 05:19:14,2026-05-13 05:19:14,,3.57,15.0,45.90163934426229,6.409638554216867,16.0,4.0,0,0,0,39.0,0,0.0
123,Neha,Gupta,Female,A-,Married,1994-09-09,Bachelor,BTech / BCA,St Josephs Institute of Management,2017,9,6,Senior,Bangalore,Karnataka,India,Indian,2017-01-01,+91-9800000123,+91-9100000123,neha.gupta.123@company.com,1005,Product,Product Management,Product Strategy,Product Delivery,Product Operations,Product Team,5,Manager,Product Manager,Permanent,Active,6550000.0,Yes,Yes,,,2026-05-13 05:19:14,2026-05-13 05:19:14,,3.42,10.0,49.18032786885246,6.409638554216867,24.0,5.0,0,0,0,31.0,0,0.0
124,Kavya,Mishra,Female,B-,Married,1994-10-10,Bachelor,BTech / BCA,Bangalore University,2017,9,6,Senior,Bangalore,Karnataka,India,Indian,2017-01-01,+91-9800000124,+91-9100000124,kavya.mishra.124@company.com,1005,Delivery,Program Delivery,Project Management,Delivery Operations,PMO,Delivery Team,5,Manager,Program Manager,Permanent,Active,6600000.0,Yes,Yes,,,2026-05-13 05:19:14,2026-05-13 05:19:14,,3.52,15.0,50.0,6.36144578313253,16.0,4.0,0,0,0,38.0,0,0.0
125,Meera,Shetty,Female,O-,Married,1994-11-11,Bachelor,BTech / BCA,PES University,2017,9,6,Senior,Bangalore,Karnataka,India,Indian,2017-01-01,+91-9800000125,+91-9100000125,meera.shetty.125@company.com,1005,Technology,Engineering,Enterprise Systems,Software Delivery,Application Development,Engineering Team,5,Manager,Operations Manager,Permanent,Active,6650000.0,Yes,Yes,,,2026-05-13 05:19:14,2026-05-13 05:19:14,,3.48,10.0,48.36065573770492,6.746987951807229,8.0,3.0,0,0,0,30.0,0,4.0
126,Sneha,Bose,Female,A+,Married,1994-12-12,Bachelor,BTech / BCA,VTU Belagavi,2017,9,6,Senior,Bangalore,Karnataka,India,Indian,2017-01-01,+91-9800000126,+91-9100000126,sneha.bose.126@company.com,1005,Delivery,Program Delivery,Project Management,Delivery Operations,PMO,Delivery Team,5,Manager,Delivery Manager,Permanent,Active,6700000.0,Yes,Yes,,,2026-05-13 05:19:14,2026-05-13 05:19:14,,3.54,15.0,46.72131147540984,6.265060240963855,18.0,5.0,0,0,0,37.0,0,0.0
127,Aarav,Sharma,Male,B+,Married,1994-01-13,Bachelor,BTech / BCA,IIM Bangalore,2017,9,6,Senior,Bangalore,Karnataka,India,Indian,2017-01-01,+91-9800000127,+91-9100000127,aarav.sharma.127@company.com,1005,Technology,Engineering,Enterprise Systems,Software Delivery,Application Development,Engineering Team,5,Manager,Engineering Manager,Permanent,Active,6500000.0,Yes,Yes,,,2026-05-13 05:19:14,2026-05-13 05:19:14,,3.29,10.0,42.62295081967213,6.216867469879518,20.0,2.0,0,0,0,29.0,0,0.0
128,Vivaan,Iyer,Male,O+,Married,1994-02-14,Bachelor,BTech / BCA,IIT Madras,2017,9,6,Senior,Bangalore,Karnataka,India,Indian,2017-01-01,+91-9800000128,+91-9100000128,vivaan.iyer.128@company.com,1005,Technology,Engineering,Enterprise Systems,Software Delivery,Application Development,Engineering Team,5,Manager,Technical Manager,Permanent,Active,6550000.0,Yes,Yes,,,2026-05-13 05:19:14,2026-05-13 05:19:14,,3.36,10.0,47.540983606557376,6.554216867469879,15.0,5.0,0,0,0,36.0,0,0.0
129,Aditya,Nair,Male,AB+,Married,1994-03-15,Bachelor,BTech / BCA,Christ University,2017,9,6,Senior,Bangalore,Karnataka,India,Indian,2017-01-01,+91-9800000129,+91-9100000129,aditya.nair.129@company.com,1005,Technology,Engineering,Enterprise Systems,Software Delivery,Application Development,Engineering Team,5,Manager,Application Manager,Permanent,Active,6600000.0,Yes,Yes,,,2026-05-13 05:19:14,2026-05-13 05:19:14,,3.56,15.0,40.98360655737705,6.554216867469879,14.0,2.0,0,0,0,28.0,0,0.0
130,Arjun,Kapoor,Male,A-,Married,1994-04-16,Bachelor,BTech / BCA,Anna University,2017,9,6,Senior,Bangalore,Karnataka,India,Indian,2017-01-01,+91-9800000130,+91-9100000130,arjun.kapoor.130@company.com,1005,Technology,Infrastructure & Platform,Cloud & Platform Operations,Enterprise Infrastructure,Platform Services,Infrastructure Team,5,Manager,Platform Manager,Permanent,Active,6650000.0,Yes,Yes,,,2026-05-13 05:19:14,2026-05-13 05:19:14,,3.52,15.0,50.0,6.506024096385542,17.0,4.0,0,0,0,35.0,0,0.0
131,Rohan,Rao,Male,B-,Married,1994-05-17,Bachelor,BTech / BCA,Amrita University,2017,9,6,Senior,Bangalore,Karnataka,India,Indian,2017-01-01,+91-9800000131,+91-9100000131,rohan.rao.131@company.com,1005,Technology,Infrastructure & Platform,Cloud & Platform Operations,Enterprise Infrastructure,Platform Services,Infrastructure Team,5,Manager,Infrastructure Manager,Permanent,Active,6700000.0,Yes,Yes,,,2026-05-13 05:19:14,2026-05-13 05:19:14,,3.74,15.0,55.73770491803278,6.746987951807229,16.0,2.0,0,0,0,27.0,0,0.0
132,Karthik,Singh,Male,O-,Married,1994-06-18,Bachelor,BTech / BCA,Delhi University,2017,9,6,Senior,Bangalore,Karnataka,India,Indian,2017-01-01,+91-9800000132,+91-9100000132,karthik.singh.132@company.com,1005,Technology,Infrastructure & Platform,Cloud & Platform Operations,Enterprise Infrastructure,Platform Services,Infrastructure Team,5,Manager,Cloud Operations Manager,Permanent,Active,6500000.0,Yes,Yes,,,2026-05-13 05:19:14,2026-05-13 05:19:14,,3.47,10.0,51.63934426229508,6.9397590361445785,19.0,5.0,0,0,0,34.0,0,0.0
133,Nikhil,Gupta,Male,A+,Married,1994-07-19,Bachelor,BTech / BCA,St Josephs Institute of Management,2017,9,6,Senior,Bangalore,Karnataka,India,Indian,2017-01-01,+91-9800000133,+91-9100000133,nikhil.gupta.133@company.com,1005,Technology,Engineering,Enterprise Systems,Software Delivery,Application Development,Engineering Team,5,Manager,IT Manager,Permanent,Active,6550000.0,Yes,Yes,,,2026-05-13 05:19:14,2026-05-13 05:19:14,,3.11,10.0,44.26229508196721,5.879518072289157,12.0,5.0,0,0,0,41.0,0,0.0
134,Rahul,Mishra,Male,B+,Married,1994-08-20,Bachelor,BTech / BCA,Bangalore University,2017,9,6,Senior,Bangalore,Karnataka,India,Indian,2017-01-01,+91-9800000134,+91-9100000134,rahul.mishra.134@company.com,1005,Technology,Information Security,Cyber Security Operations,Security Governance,Security Operations,Security Team,5,Manager,Security Manager,Permanent,Active,6600000.0,Yes,Yes,,,2026-05-13 05:19:14,2026-05-13 05:19:14,,3.44,10.0,49.18032786885246,6.9879518072289155,12.0,6.0,0,0,0,33.0,0,0.0
135,Vikram,Shetty,Male,O+,Married,1994-09-21,Bachelor,BTech / BCA,PES University,2017,9,6,Senior,Bangalore,Karnataka,India,Indian,2017-01-01,+91-9800000135,+91-9100000135,vikram.shetty.135@company.com,1005,Technology,Infrastructure & Platform,Cloud & Platform Operations,Enterprise Infrastructure,Platform Services,Infrastructure Team,5,Manager,Network Operations Manager,Permanent,Active,6650000.0,Yes,Yes,,,2026-05-13 05:19:14,2026-05-13 05:19:14,,3.73,15.0,47.540983606557376,6.746987951807229,29.0,2.0,0,0,0,40.0,0,0.0
136,Sanjay,Bose,Male,AB+,Married,1994-10-22,Bachelor,BTech / BCA,VTU Belagavi,2017,9,6,Senior,Bangalore,Karnataka,India,Indian,2017-01-01,+91-9800000136,+91-9100000136,sanjay.bose.136@company.com,1005,Human Resources,People Operations,Workforce Management,HR Operations,People Services,HR Team,5,Manager,HR Manager,Permanent,Active,6700000.0,Yes,Yes,,,2026-05-13 05:19:14,2026-05-13 05:19:14,,3.22,10.0,51.63934426229508,6.843373493975903,19.0,5.0,0,0,0,32.0,0,1.0
137,Ananya,Sharma,Female,A-,Married,1994-11-23,Bachelor,BTech / BCA,IIM Bangalore,2017,9,6,Senior,Bangalore,Karnataka,India,Indian,2017-01-01,+91-9800000137,+91-9100000137,ananya.sharma.137@company.com,1005,Human Resources,People Operations,Workforce Management,HR Operations,People Services,HR Team,5,Manager,Talent Acquisition Manager,Permanent,Active,6500000.0,Yes,Yes,,,2026-05-13 05:19:14,2026-05-13 05:19:14,,3.47,10.0,47.540983606557376,6.120481927710843,7.0,5.0,0,0,0,39.0,0,0.0
138,Diya,Iyer,Female,B-,Married,1994-12-24,Bachelor,BTech / BCA,IIT Madras,2017,9,6,Senior,Bangalore,Karnataka,India,Indian,2017-01-01,+91-9800000138,+91-9100000138,diya.iyer.138@company.com,1005,Human Resources,People Operations,Workforce Management,HR Operations,People Services,HR Team,5,Manager,Learning & Development Manager,Permanent,Active,6550000.0,Yes,Yes,,,2026-05-13 05:19:14,2026-05-13 05:19:14,,3.48,10.0,46.72131147540984,6.313253012048193,10.0,5.0,0,0,0,31.0,0,0.0
139,Myra,Nair,Female,O-,Married,1994-01-25,Bachelor,BTech / BCA,Christ University,2017,9,6,Senior,Bangalore,Karnataka,India,Indian,2017-01-01,+91-9800000139,+91-9100000139,myra.nair.139@company.com,1005,Finance,Corporate Finance,Financial Operations,Finance,Finance Operations,Finance Team,5,Manager,Payroll Manager,Permanent,Active,6600000.0,Yes,Yes,,,2026-05-13 05:19:14,2026-05-13 05:19:14,,3.23,10.0,45.08196721311475,6.457831325301205,11.0,6.0,0,0,0,38.0,0,0.0
140,Sara,Kapoor,Female,A+,Married,1994-02-26,Bachelor,BTech / BCA,Anna University,2017,9,6,Senior,Bangalore,Karnataka,India,Indian,2017-01-01,+91-9800000140,+91-9100000140,sara.kapoor.140@company.com,1005,Finance,Corporate Finance,Financial Operations,Finance,Finance Operations,Finance Team,5,Manager,Finance Manager,Permanent,Active,6650000.0,Yes,Yes,,,2026-05-13 05:19:14,2026-05-13 05:19:14,,3.5,15.0,41.80327868852459,6.506024096385542,19.0,6.0,0,0,0,30.0,0,0.0
141,Riya,Rao,Female,B+,Married,1994-03-27,Bachelor,BTech / BCA,Amrita University,2017,9,6,Senior,Bangalore,Karnataka,India,Indian,2017-01-01,+91-9800000141,+91-9100000141,riya.rao.141@company.com,1005,Finance,Corporate Finance,Financial Operations,Finance,Finance Operations,Finance Team,5,Manager,Accounting Manager,Permanent,Active,6700000.0,Yes,Yes,,,2026-05-13 05:19:14,2026-05-13 05:19:14,,3.46,10.0,48.36065573770492,6.602409638554217,13.0,4.0,0,0,0,37.0,0,0.0
142,Priya,Singh,Female,O+,Married,1994-04-01,Bachelor,BTech / BCA,Delhi University,2017,9,6,Senior,Bangalore,Karnataka,India,Indian,2017-01-01,+91-9800000142,+91-9100000142,priya.singh.142@company.com,1005,Procurement,Vendor Management,Procurement Operations,Sourcing,Supplier Operations,Procurement Team,5,Manager,Procurement Manager,Permanent,Active,6500000.0,Yes,Yes,,,2026-05-13 05:19:14,2026-05-13 05:19:14,,3.44,10.0,48.36065573770492,6.602409638554217,17.0,7.0,0,0,0,29.0,0,0.0
143,Neha,Gupta,Female,AB+,Married,1994-05-02,Bachelor,BTech / BCA,St Josephs Institute of Management,2017,9,6,Senior,Bangalore,Karnataka,India,Indian,2017-01-01,+91-9800000143,+91-9100000143,neha.gupta.143@company.com,1005,Governance,Risk & Compliance,Enterprise Governance,Compliance,Risk Operations,Governance Team,5,Manager,Compliance Manager,Permanent,Active,6550000.0,Yes,Yes,,,2026-05-13 05:19:14,2026-05-13 05:19:14,,3.27,10.0,54.09836065573771,7.325301204819277,12.0,5.0,0,0,0,36.0,0,0.0
144,Kavya,Mishra,Female,A-,Married,1994-06-03,Bachelor,BTech / BCA,Bangalore University,2017,9,6,Senior,Bangalore,Karnataka,India,Indian,2017-01-01,+91-9800000144,+91-9100000144,kavya.mishra.144@company.com,1005,Governance,Risk & Compliance,Enterprise Governance,Compliance,Risk Operations,Governance Team,5,Manager,Risk Management Manager,Permanent,Active,6600000.0,Yes,Yes,,,2026-05-13 05:19:14,2026-05-13 05:19:14,,3.39,10.0,46.72131147540984,6.650602409638554,16.0,7.0,0,0,0,28.0,0,0.0
145,Meera,Shetty,Female,B-,Married,1994-07-04,Bachelor,BTech / BCA,PES University,2017,9,6,Senior,Bangalore,Karnataka,India,Indian,2017-01-01,+91-9800000145,+91-9100000145,meera.shetty.145@company.com,1005,Marketing,Brand & Growth,Marketing Operations,Digital Marketing,Campaign Operations,Marketing Team,5,Manager,Marketing Manager,Permanent,Active,6650000.0,Yes,Yes,,,2026-05-13 05:19:14,2026-05-13 05:19:14,,3.46,10.0,44.26229508196721,6.746987951807229,23.0,5.0,0,0,0,35.0,0,1.0
146,Sneha,Bose,Female,O-,Married,1994-08-05,Bachelor,BTech / BCA,VTU Belagavi,2017,9,6,Senior,Bangalore,Karnataka,India,Indian,2017-01-01,+91-9800000146,+91-9100000146,sneha.bose.146@company.com,1005,Marketing,Brand & Growth,Marketing Operations,Digital Marketing,Campaign Operations,Marketing Team,5,Manager,Brand Manager,Permanent,Active,6700000.0,Yes,Yes,,,2026-05-13 05:19:14,2026-05-13 05:19:14,,3.51,15.0,42.62295081967213,6.265060240963855,17.0,2.0,0,0,0,27.0,0,0.0
147,Aarav,Sharma,Male,A+,Married,1994-09-06,Bachelor,BTech / BCA,IIM Bangalore,2017,9,6,Senior,Bangalore,Karnataka,India,Indian,2017-01-01,+91-9800000147,+91-9100000147,aarav.sharma.147@company.com,1005,Marketing,Brand & Growth,Marketing Operations,Digital Marketing,Campaign Operations,Marketing Team,5,Manager,Digital Marketing Manager,Permanent,Active,6500000.0,Yes,Yes,,,2026-05-13 05:19:14,2026-05-13 05:19:14,,3.38,10.0,48.36065573770492,7.036144578313253,20.0,10.0,0,0,0,34.0,0,0.0
148,Vivaan,Iyer,Male,B+,Married,1994-10-07,Bachelor,BTech / BCA,IIT Madras,2017,9,6,Senior,Bangalore,Karnataka,India,Indian,2017-01-01,+91-9800000148,+91-9100000148,vivaan.iyer.148@company.com,1005,Marketing,Brand & Growth,Marketing Operations,Digital Marketing,Campaign Operations,Marketing Team,5,Manager,Campaign Manager,Permanent,Active,6550000.0,Yes,Yes,,,2026-05-13 05:19:14,2026-05-13 05:19:14,,3.55,15.0,50.0,6.843373493975903,21.0,11.0,0,0,0,41.0,0,0.0
149,Aditya,Nair,Male,O+,Married,1994-11-08,Bachelor,BTech / BCA,Christ University,2017,9,6,Senior,Bangalore,Karnataka,India,Indian,2017-01-01,+91-9800000149,+91-9100000149,aditya.nair.149@company.com,1005,Sales,Revenue Operations,Sales Operations,Business Growth,Client Acquisition,Sales Team,5,Manager,Sales Manager,Permanent,Active,6600000.0,Yes,Yes,,,2026-05-13 05:19:14,2026-05-13 05:19:14,,3.49,10.0,49.18032786885246,6.746987951807229,13.0,2.0,0,0,0,33.0,0,0.0
150,Arjun,Kapoor,Male,AB+,Married,1994-12-09,Bachelor,BTech / BCA,Anna University,2017,9,6,Senior,Bangalore,Karnataka,India,Indian,2017-01-01,+91-9800000150,+91-9100000150,arjun.kapoor.150@company.com,1005,Sales,Revenue Operations,Sales Operations,Business Growth,Client Acquisition,Sales Team,5,Manager,Regional Sales Manager,Permanent,Active,6650000.0,Yes,Yes,,,2026-05-13 05:19:14,2026-05-13 05:19:14,,3.07,10.0,44.26229508196721,6.120481927710843,16.0,4.0,0,0,0,40.0,0,0.0
151,Rohan,Rao,Male,A-,Married,1994-01-10,Bachelor,BTech / BCA,Amrita University,2017,9,6,Senior,Bangalore,Karnataka,India,Indian,2017-01-01,+91-9800000151,+91-9100000151,rohan.rao.151@company.com,1005,Sales,Revenue Operations,Sales Operations,Business Growth,Client Acquisition,Sales Team,5,Manager,Territory Manager,Permanent,Active,6700000.0,Yes,Yes,,,2026-05-13 05:19:14,2026-05-13 05:19:14,,3.4,10.0,40.98360655737705,6.168674698795181,21.0,4.0,0,0,0,32.0,0,0.0
152,Karthik,Singh,Male,B-,Married,1994-02-11,Bachelor,BTech / BCA,Delhi University,2017,9,6,Senior,Bangalore,Karnataka,India,Indian,2017-01-01,+91-9800000152,+91-9100000152,karthik.singh.152@company.com,1005,Finance,Corporate Finance,Financial Operations,Finance,Finance Operations,Finance Team,5,Manager,Key Account Manager,Permanent,Active,6500000.0,Yes,Yes,,,2026-05-13 05:19:14,2026-05-13 05:19:14,,3.56,15.0,46.72131147540984,6.746987951807229,24.0,6.0,0,0,0,39.0,0,0.0
153,Nikhil,Gupta,Male,O-,Married,1994-03-12,Bachelor,BTech / BCA,St Josephs Institute of Management,2017,9,6,Senior,Bangalore,Karnataka,India,Indian,2017-01-01,+91-9800000153,+91-9100000153,nikhil.gupta.153@company.com,1005,Technology,Engineering,Enterprise Systems,Software Delivery,Application Development,Engineering Team,5,Manager,Customer Success Manager,Permanent,Active,6550000.0,Yes,Yes,,,2026-05-13 05:19:14,2026-05-13 05:19:14,,3.56,15.0,49.18032786885246,7.132530120481928,8.0,4.0,0,0,0,31.0,0,0.0
154,Rahul,Mishra,Male,A+,Married,1994-04-13,Bachelor,BTech / BCA,Bangalore University,2017,9,6,Senior,Bangalore,Karnataka,India,Indian,2017-01-01,+91-9800000154,+91-9100000154,rahul.mishra.154@company.com,1005,Technology,Engineering,Enterprise Systems,Software Delivery,Application Development,Engineering Team,5,Manager,Client Relationship Manager,Permanent,Active,6600000.0,Yes,Yes,,,2026-05-13 05:19:14,2026-05-13 05:19:14,,3.17,10.0,41.80327868852459,6.168674698795181,14.0,5.0,0,0,0,38.0,0,0.0
155,Vikram,Shetty,Male,B+,Married,1994-05-14,Bachelor,BTech / BCA,PES University,2017,9,6,Senior,Bangalore,Karnataka,India,Indian,2017-01-01,+91-9800000155,+91-9100000155,vikram.shetty.155@company.com,1005,Operations,Transport & Logistics,Supply Chain Operations,Logistics,Transport Operations,Logistics Team,5,Manager,Support Operations Manager,Permanent,Active,6650000.0,Yes,Yes,,,2026-05-13 05:19:14,2026-05-13 05:19:14,,3.58,15.0,47.540983606557376,6.843373493975903,10.0,3.0,0,0,0,30.0,0,0.0
156,Sanjay,Bose,Male,O+,Married,1994-06-15,Bachelor,BTech / BCA,VTU Belagavi,2017,9,6,Senior,Bangalore,Karnataka,India,Indian,2017-01-01,+91-9800000156,+91-9100000156,sanjay.bose.156@company.com,1005,Delivery,Program Delivery,Project Management,Delivery Operations,PMO,Delivery Team,5,Manager,Service Delivery Manager,Permanent,Active,6700000.0,Yes,Yes,,,2026-05-13 05:19:14,2026-05-13 05:19:14,,3.3,10.0,47.540983606557376,6.746987951807229,13.0,6.0,0,0,0,37.0,0,0.0
157,Ananya,Sharma,Female,AB+,Married,1994-07-16,Bachelor,BTech / BCA,IIM Bangalore,2017,9,6,Senior,Bangalore,Karnataka,India,Indian,2017-01-01,+91-9800000157,+91-9100000157,ananya.sharma.157@company.com,1005,Sales,Revenue Operations,Sales Operations,Business Growth,Client Acquisition,Sales Team,5,Manager,Business Development Manager,Permanent,Active,6500000.0,Yes,Yes,,,2026-05-13 05:19:14,2026-05-13 05:19:14,,3.41,10.0,45.90163934426229,6.554216867469879,12.0,4.0,0,0,0,29.0,0,0.0
158,Diya,Iyer,Female,A-,Married,1994-08-17,Bachelor,BTech / BCA,IIT Madras,2017,9,6,Senior,Bangalore,Karnataka,India,Indian,2017-01-01,+91-9800000158,+91-9100000158,diya.iyer.158@company.com,1005,Technology,Data & AI,Analytics Platforms,Data Intelligence,AI & Analytics,Data Team,5,Manager,Data Analytics Manager,Permanent,Active,6550000.0,Yes,Yes,,,2026-05-13 05:19:14,2026-05-13 05:19:14,,3.52,15.0,45.90163934426229,6.457831325301205,18.0,4.0,0,0,0,36.0,0,1.0
159,Myra,Nair,Female,B-,Married,1994-09-18,Bachelor,BTech / BCA,Christ University,2017,9,6,Senior,Bangalore,Karnataka,India,Indian,2017-01-01,+91-9800000159,+91-9100000159,myra.nair.159@company.com,1005,Technology,Data & AI,Analytics Platforms,Data Intelligence,AI & Analytics,Data Team,5,Manager,AI/ML Manager,Permanent,Active,6600000.0,Yes,Yes,,,2026-05-13 05:19:14,2026-05-13 05:19:14,,3.49,10.0,46.72131147540984,6.554216867469879,29.0,1.0,0,0,0,28.0,0,0.0
160,Sara,Kapoor,Female,O-,Married,1994-10-19,Bachelor,BTech / BCA,Anna University,2017,9,6,Senior,Bangalore,Karnataka,India,Indian,2017-01-01,+91-9800000160,+91-9100000160,sara.kapoor.160@company.com,1005,Technology,Data & AI,Analytics Platforms,Data Intelligence,AI & Analytics,Data Team,5,Manager,BI Manager,Permanent,Active,6650000.0,Yes,Yes,,,2026-05-13 05:19:14,2026-05-13 05:19:14,,3.35,10.0,50.81967213114754,7.132530120481928,16.0,8.0,0,0,0,35.0,0,0.0
161,Riya,Rao,Female,A+,Married,1994-11-20,Bachelor,BTech / BCA,Amrita University,2017,9,6,Senior,Bangalore,Karnataka,India,Indian,2017-01-01,+91-9800000161,+91-9100000161,riya.rao.161@company.com,1005,Operations,Transport & Logistics,Supply Chain Operations,Logistics,Transport Operations,Logistics Team,5,Manager,Reporting Manager,Permanent,Active,6700000.0,Yes,Yes,,,2026-05-13 05:19:14,2026-05-13 05:19:14,,3.8,15.0,52.459016393442624,6.746987951807229,15.0,2.0,0,0,0,27.0,0,0.0
162,Priya,Singh,Female,B+,Married,1994-12-21,Bachelor,BTech / BCA,Delhi University,2017,9,6,Senior,Bangalore,Karnataka,India,Indian,2017-01-01,+91-9800000162,+91-9100000162,priya.singh.162@company.com,1005,Delivery,Program Delivery,Project Management,Delivery Operations,PMO,Delivery Team,5,Manager,PMO Manager,Permanent,Active,6500000.0,Yes,Yes,,,2026-05-13 05:19:14,2026-05-13 05:19:14,,3.57,15.0,42.62295081967213,6.168674698795181,5.0,5.0,0,0,0,34.0,0,0.0
163,Neha,Gupta,Female,O+,Married,1994-01-22,Bachelor,BTech / BCA,St Josephs Institute of Management,2017,9,6,Senior,Bangalore,Karnataka,India,Indian,2017-01-01,+91-9800000163,+91-9100000163,neha.gupta.163@company.com,1005,Technology,Engineering,Enterprise Systems,Software Delivery,Application Development,Engineering Team,5,Manager,Strategy Manager,Permanent,Active,6550000.0,Yes,Yes,,,2026-05-13 05:19:14,2026-05-13 05:19:14,,3.44,10.0,45.08196721311475,6.457831325301205,14.0,0.0,0,0,0,41.0,0,0.0
164,Kavya,Mishra,Female,AB+,Married,1994-02-23,Bachelor,BTech / BCA,Bangalore University,2017,9,6,Senior,Bangalore,Karnataka,India,Indian,2017-01-01,+91-9800000164,+91-9100000164,kavya.mishra.164@company.com,1005,Technology,Engineering,Enterprise Systems,Software Delivery,Application Development,Engineering Team,5,Manager,Transformation Manager,Permanent,Active,6600000.0,Yes,Yes,,,2026-05-13 05:19:14,2026-05-13 05:19:14,,3.2,10.0,52.459016393442624,6.698795180722891,22.0,4.0,0,0,0,33.0,0,0.0
165,Meera,Shetty,Female,A-,Married,1994-03-24,Bachelor,BTech / BCA,PES University,2017,9,6,Senior,Bangalore,Karnataka,India,Indian,2017-01-01,+91-9800000165,+91-9100000165,meera.shetty.165@company.com,1005,Technology,Engineering,Enterprise Systems,Software Delivery,Application Development,Engineering Team,5,Manager,Innovation Manager,Permanent,Active,6650000.0,Yes,Yes,,,2026-05-13 05:19:14,2026-05-13 05:19:14,,3.41,10.0,50.81967213114754,6.698795180722891,7.0,4.0,0,0,0,40.0,0,0.0
166,Sneha,Bose,Female,B-,Married,1994-04-25,Bachelor,BTech / BCA,VTU Belagavi,2017,9,6,Senior,Bangalore,Karnataka,India,Indian,2017-01-01,+91-9800000166,+91-9100000166,sneha.bose.166@company.com,1005,Technology,Engineering,Enterprise Systems,Software Delivery,Application Development,Engineering Team,5,Manager,Quality Assurance Manager,Permanent,Active,6700000.0,Yes,Yes,,,2026-05-13 05:19:14,2026-05-13 05:19:14,,3.52,15.0,45.90163934426229,6.265060240963855,21.0,7.0,0,0,0,32.0,0,0.0
167,Aarav,Sharma,Male,O-,Married,1994-05-26,Bachelor,BTech / BCA,IIM Bangalore,2017,9,6,Senior,Bangalore,Karnataka,India,Indian,2017-01-01,+91-9800000167,+91-9100000167,aarav.sharma.167@company.com,1005,Technology,Information Security,Cyber Security Operations,Security Governance,Security Operations,Security Team,5,Manager,Cyber Security Manager,Permanent,Active,6500000.0,Yes,Yes,,,2026-05-13 05:19:14,2026-05-13 05:19:14,,3.42,10.0,42.62295081967213,5.975903614457831,18.0,2.0,0,0,0,39.0,0,0.0
168,Vivaan,Iyer,Male,A+,Married,1994-06-27,Bachelor,BTech / BCA,IIT Madras,2017,9,6,Senior,Bangalore,Karnataka,India,Indian,2017-01-01,+91-9800000168,+91-9100000168,vivaan.iyer.168@company.com,1005,Technology,Information Security,Cyber Security Operations,Security Governance,Security Operations,Security Team,5,Manager,Information Security Manager,Permanent,Active,6550000.0,Yes,Yes,,,2026-05-13 05:19:14,2026-05-13 05:19:14,,3.24,10.0,45.90163934426229,6.409638554216867,15.0,2.0,0,0,0,31.0,0,0.0
169,Aditya,Nair,Male,B+,Married,1994-07-01,Bachelor,BTech / BCA,Christ University,2017,9,6,Senior,Bangalore,Karnataka,India,Indian,2017-01-01,+91-9800000169,+91-9100000169,aditya.nair.169@company.com,1005,Technology,Information Security,Cyber Security Operations,Security Governance,Security Operations,Security Team,5,Manager,SOC Manager,Permanent,Active,6600000.0,Yes,Yes,,,2026-05-13 05:19:14,2026-05-13 05:19:14,,3.36,10.0,45.08196721311475,6.457831325301205,10.0,6.0,0,0,0,38.0,0,0.0
170,Arjun,Kapoor,Male,O+,Married,1994-08-02,Bachelor,BTech / BCA,Anna University,2017,9,6,Senior,Bangalore,Karnataka,India,Indian,2017-01-01,+91-9800000170,+91-9100000170,arjun.kapoor.170@company.com,1005,Technology,Information Security,Cyber Security Operations,Security Governance,Security Operations,Security Team,5,Manager,Security Operations Manager,Permanent,Active,6650000.0,Yes,Yes,,,2026-05-13 05:19:14,2026-05-13 05:19:14,,3.29,10.0,50.0,7.27710843373494,16.0,3.0,0,0,0,30.0,0,0.0
171,Rohan,Rao,Male,AB+,Married,1994-09-03,Bachelor,BTech / BCA,Amrita University,2017,9,6,Senior,Bangalore,Karnataka,India,Indian,2017-01-01,+91-9800000171,+91-9100000171,rohan.rao.171@company.com,1005,Technology,Engineering,Enterprise Systems,Software Delivery,Application Development,Engineering Team,5,Manager,Identity & Access Management Manager,Permanent,Active,6700000.0,Yes,Yes,,,2026-05-13 05:19:14,2026-05-13 05:19:14,,3.42,10.0,50.81967213114754,6.891566265060241,13.0,5.0,0,0,0,37.0,0,0.0
172,Karthik,Singh,Male,A-,Married,1994-10-04,Bachelor,BTech / BCA,Delhi University,2017,9,6,Senior,Bangalore,Karnataka,India,Indian,2017-01-01,+91-9800000172,+91-9100000172,karthik.singh.172@company.com,1005,Technology,Information Security,Cyber Security Operations,Security Governance,Security Operations,Security Team,5,Manager,Governance Risk & Compliance (GRC) Manager,Permanent,Active,6500000.0,Yes,Yes,,,2026-05-13 05:19:14,2026-05-13 05:19:14,,3.44,10.0,50.0,6.698795180722891,20.0,3.0,0,0,0,29.0,0,0.0
173,Nikhil,Gupta,Male,B-,Married,1994-11-05,Bachelor,BTech / BCA,St Josephs Institute of Management,2017,9,6,Senior,Bangalore,Karnataka,India,Indian,2017-01-01,+91-9800000173,+91-9100000173,nikhil.gupta.173@company.com,1005,Technology,Information Security,Cyber Security Operations,Security Governance,Security Operations,Security Team,5,Manager,Network Security Manager,Permanent,Active,6550000.0,Yes,Yes,,,2026-05-13 05:19:14,2026-05-13 05:19:14,,3.52,15.0,50.81967213114754,6.9397590361445785,14.0,2.0,0,0,0,36.0,0,0.0
174,Rahul,Mishra,Male,O-,Married,1994-12-06,Bachelor,BTech / BCA,Bangalore University,2017,9,6,Senior,Bangalore,Karnataka,India,Indian,2017-01-01,+91-9800000174,+91-9100000174,rahul.mishra.174@company.com,1005,Technology,Information Security,Cyber Security Operations,Security Governance,Security Operations,Security Team,5,Manager,Cloud Security Manager,Permanent,Active,6600000.0,Yes,Yes,,,2026-05-13 05:19:14,2026-05-13 05:19:14,,3.7,15.0,50.0,6.795180722891566,10.0,3.0,0,0,0,28.0,0,0.0
175,Vikram,Shetty,Male,A+,Married,1994-01-07,Bachelor,BTech / BCA,PES University,2017,9,6,Senior,Bangalore,Karnataka,India,Indian,2017-01-01,+91-9800000175,+91-9100000175,vikram.shetty.175@company.com,1005,Technology,Information Security,Cyber Security Operations,Security Governance,Security Operations,Security Team,5,Manager,Application Security Manager,Permanent,Active,6650000.0,Yes,Yes,,,2026-05-13 05:19:14,2026-05-13 05:19:14,,3.43,10.0,43.44262295081967,6.409638554216867,15.0,2.0,0,0,0,35.0,0,0.0
176,Sanjay,Bose,Male,B+,Married,1994-02-08,Bachelor,BTech / BCA,VTU Belagavi,2017,9,6,Senior,Bangalore,Karnataka,India,Indian,2017-01-01,+91-9800000176,+91-9100000176,sanjay.bose.176@company.com,1005,Technology,Infrastructure & Platform,Cloud & Platform Operations,Enterprise Infrastructure,Platform Services,Infrastructure Team,5,Manager,System Administration Manager,Permanent,Active,6700000.0,Yes,Yes,,,2026-05-13 05:19:14,2026-05-13 05:19:14,,3.32,10.0,52.459016393442624,7.036144578313253,13.0,4.0,0,0,0,27.0,0,0.0
177,Ananya,Sharma,Female,O+,Married,1994-03-09,Bachelor,BTech / BCA,IIM Bangalore,2017,9,6,Senior,Bangalore,Karnataka,India,Indian,2017-01-01,+91-9800000177,+91-9100000177,ananya.sharma.177@company.com,1005,Technology,Data & AI,Analytics Platforms,Data Intelligence,AI & Analytics,Data Team,5,Manager,Database Administration Manager,Permanent,Active,6500000.0,Yes,Yes,,,2026-05-13 05:19:14,2026-05-13 05:19:14,,3.62,15.0,49.18032786885246,6.506024096385542,21.0,5.0,0,0,0,34.0,0,0.0
178,Diya,Iyer,Female,AB+,Married,1994-04-10,Bachelor,BTech / BCA,IIT Madras,2017,9,6,Senior,Bangalore,Karnataka,India,Indian,2017-01-01,+91-9800000178,+91-9100000178,diya.iyer.178@company.com,1005,Technology,Engineering,Enterprise Systems,Software Delivery,Application Development,Engineering Team,5,Manager,Server Administration Manager,Permanent,Active,6550000.0,Yes,Yes,,,2026-05-13 05:19:14,2026-05-13 05:19:14,,3.26,10.0,50.0,6.650602409638554,12.0,2.0,0,0,0,41.0,0,0.0
179,Myra,Nair,Female,A-,Married,1994-05-11,Bachelor,BTech / BCA,Christ University,2017,9,6,Senior,Bangalore,Karnataka,India,Indian,2017-01-01,+91-9800000179,+91-9100000179,myra.nair.179@company.com,1005,Technology,Infrastructure & Platform,Cloud & Platform Operations,Enterprise Infrastructure,Platform Services,Infrastructure Team,5,Manager,Network Administration Manager,Permanent,Active,6600000.0,Yes,Yes,,,2026-05-13 05:19:14,2026-05-13 05:19:14,,3.32,10.0,45.90163934426229,6.409638554216867,11.0,3.0,0,0,0,33.0,0,0.0
180,Sara,Kapoor,Female,B-,Married,1994-06-12,Bachelor,BTech / BCA,Anna University,2017,9,6,Senior,Bangalore,Karnataka,India,Indian,2017-01-01,+91-9800000180,+91-9100000180,sara.kapoor.180@company.com,1005,Technology,Infrastructure & Platform,Cloud & Platform Operations,Enterprise Infrastructure,Platform Services,Infrastructure Team,5,Manager,DevOps Manager,Permanent,Active,6650000.0,Yes,Yes,,,2026-05-13 05:19:14,2026-05-13 05:19:14,,3.47,10.0,45.08196721311475,6.36144578313253,21.0,4.0,0,0,0,40.0,0,0.0
181,Riya,Rao,Female,O-,Married,1994-07-13,Bachelor,BTech / BCA,Amrita University,2017,9,6,Senior,Bangalore,Karnataka,India,Indian,2017-01-01,+91-9800000181,+91-9100000181,riya.rao.181@company.com,1005,Technology,Infrastructure & Platform,Cloud & Platform Operations,Enterprise Infrastructure,Platform Services,Infrastructure Team,5,Manager,Platform Operations Manager,Permanent,Active,6700000.0,Yes,Yes,,,2026-05-13 05:19:14,2026-05-13 05:19:14,,3.62,15.0,47.540983606557376,6.409638554216867,10.0,2.0,0,0,0,32.0,0,0.0
182,Priya,Singh,Female,A+,Married,1994-08-14,Bachelor,BTech / BCA,Delhi University,2017,9,6,Senior,Bangalore,Karnataka,India,Indian,2017-01-01,+91-9800000182,+91-9100000182,priya.singh.182@company.com,1005,Technology,Engineering,Enterprise Systems,Software Delivery,Application Development,Engineering Team,5,Manager,Backup & Recovery Manager,Permanent,Active,6500000.0,Yes,Yes,,,2026-05-13 05:19:14,2026-05-13 05:19:14,,3.4,10.0,47.540983606557376,6.602409638554217,17.0,2.0,0,0,0,39.0,0,0.0
183,Neha,Gupta,Female,B+,Married,1994-09-15,Bachelor,BTech / BCA,St Josephs Institute of Management,2017,9,6,Senior,Bangalore,Karnataka,India,Indian,2017-01-01,+91-9800000183,+91-9100000183,neha.gupta.183@company.com,1005,Technology,Engineering,Enterprise Systems,Software Delivery,Application Development,Engineering Team,5,Manager,Endpoint Management Manager,Permanent,Active,6550000.0,Yes,Yes,,,2026-05-13 05:19:14,2026-05-13 05:19:14,,3.32,10.0,37.704918032786885,6.120481927710843,15.0,4.0,0,0,0,31.0,0,0.0
184,Kavya,Mishra,Female,O+,Married,1994-10-16,Bachelor,BTech / BCA,Bangalore University,2017,9,6,Senior,Bangalore,Karnataka,India,Indian,2017-01-01,+91-9800000184,+91-9100000184,kavya.mishra.184@company.com,1005,Operations,Transport & Logistics,Supply Chain Operations,Logistics,Transport Operations,Logistics Team,5,Manager,IT Support Manager,Permanent,Active,6600000.0,Yes,Yes,,,2026-05-13 05:19:14,2026-05-13 05:19:14,,3.6,15.0,52.459016393442624,6.843373493975903,6.0,3.0,0,0,0,38.0,0,0.0
185,Meera,Shetty,Female,AB+,Married,1994-11-17,Bachelor,BTech / BCA,PES University,2017,9,6,Senior,Bangalore,Karnataka,India,Indian,2017-01-01,+91-9800000185,+91-9100000185,meera.shetty.185@company.com,1005,Technology,Engineering,Enterprise Systems,Software Delivery,Application Development,Engineering Team,5,Manager,Service Desk Manager,Permanent,Active,6650000.0,Yes,Yes,,,2026-05-13 05:19:14,2026-05-13 05:19:14,,3.5,15.0,50.0,6.746987951807229,14.0,2.0,0,0,0,30.0,0,0.0
186,Sneha,Bose,Female,A-,Married,1994-12-18,Bachelor,BTech / BCA,VTU Belagavi,2017,9,6,Senior,Bangalore,Karnataka,India,Indian,2017-01-01,+91-9800000186,+91-9100000186,sneha.bose.186@company.com,1005,Technology,Engineering,Enterprise Systems,Software Delivery,Application Development,Engineering Team,5,Manager,Enterprise Applications Manager,Permanent,Active,6700000.0,Yes,Yes,,,2026-05-13 05:19:14,2026-05-13 05:19:14,,3.42,10.0,50.81967213114754,6.698795180722891,13.0,6.0,0,0,0,37.0,0,0.0
187,Aarav,Sharma,Male,B-,Married,1994-01-19,Bachelor,BTech / BCA,IIM Bangalore,2017,9,6,Senior,Bangalore,Karnataka,India,Indian,2017-01-01,+91-9800000187,+91-9100000187,aarav.sharma.187@company.com,1005,Technology,Engineering,Enterprise Systems,Software Delivery,Application Development,Engineering Team,5,Manager,Workplace Technology Manager,Permanent,Active,6500000.0,Yes,Yes,,,2026-05-13 05:19:14,2026-05-13 05:19:14,,3.57,15.0,41.80327868852459,6.409638554216867,12.0,5.0,0,0,0,29.0,0,0.0
188,Vivaan,Iyer,Male,O-,Married,1994-02-20,Bachelor,BTech / BCA,IIT Madras,2017,9,6,Senior,Bangalore,Karnataka,India,Indian,2017-01-01,+91-9800000188,+91-9100000188,vivaan.iyer.188@company.com,1005,Operations,Transport & Logistics,Supply Chain Operations,Logistics,Transport Operations,Logistics Team,5,Manager,Transport Manager,Permanent,Active,6550000.0,Yes,Yes,,,2026-05-13 05:19:14,2026-05-13 05:19:14,,3.43,10.0,43.44262295081967,6.409638554216867,14.0,6.0,0,0,0,36.0,0,0.0
189,Aditya,Nair,Male,A+,Married,1994-03-21,Bachelor,BTech / BCA,Christ University,2017,9,6,Senior,Bangalore,Karnataka,India,Indian,2017-01-01,+91-9800000189,+91-9100000189,aditya.nair.189@company.com,1005,Operations,Transport & Logistics,Supply Chain Operations,Logistics,Transport Operations,Logistics Team,5,Manager,Fleet Manager,Permanent,Active,6600000.0,Yes,Yes,,,2026-05-13 05:19:14,2026-05-13 05:19:14,,3.38,10.0,49.18032786885246,7.036144578313253,20.0,4.0,0,0,0,28.0,0,0.0
190,Arjun,Kapoor,Male,B+,Married,1994-04-22,Bachelor,BTech / BCA,Anna University,2017,9,6,Senior,Bangalore,Karnataka,India,Indian,2017-01-01,+91-9800000190,+91-9100000190,arjun.kapoor.190@company.com,1005,Operations,Transport & Logistics,Supply Chain Operations,Logistics,Transport Operations,Logistics Team,5,Manager,Logistics Manager,Permanent,Active,6650000.0,Yes,Yes,,,2026-05-13 05:19:14,2026-05-13 05:19:14,,3.31,10.0,51.63934426229508,6.9879518072289155,7.0,6.0,0,0,0,35.0,0,0.0
191,Rohan,Rao,Male,O+,Married,1994-05-23,Bachelor,BTech / BCA,Amrita University,2017,9,6,Senior,Bangalore,Karnataka,India,Indian,2017-01-01,+91-9800000191,+91-9100000191,rohan.rao.191@company.com,1005,Operations,Transport & Logistics,Supply Chain Operations,Logistics,Transport Operations,Logistics Team,5,Manager,Supply Chain Manager,Permanent,Active,6700000.0,Yes,Yes,,,2026-05-13 05:19:14,2026-05-13 05:19:14,,3.26,10.0,49.18032786885246,6.9397590361445785,10.0,8.0,0,0,0,27.0,0,0.0
192,Karthik,Singh,Male,AB+,Married,1994-06-24,Bachelor,BTech / BCA,Delhi University,2017,9,6,Senior,Bangalore,Karnataka,India,Indian,2017-01-01,+91-9800000192,+91-9100000192,karthik.singh.192@company.com,1005,Operations,Transport & Logistics,Supply Chain Operations,Logistics,Transport Operations,Logistics Team,5,Manager,Warehouse Operations Manager,Permanent,Active,6500000.0,Yes,Yes,,,2026-05-13 05:19:14,2026-05-13 05:19:14,,3.29,10.0,41.80327868852459,6.457831325301205,16.0,1.0,0,0,0,34.0,0,0.0
193,Nikhil,Gupta,Male,A-,Married,1994-07-25,Bachelor,BTech / BCA,St Josephs Institute of Management,2017,9,6,Senior,Bangalore,Karnataka,India,Indian,2017-01-01,+91-9800000193,+91-9100000193,nikhil.gupta.193@company.com,1005,Technology,Engineering,Enterprise Systems,Software Delivery,Application Development,Engineering Team,5,Manager,Distribution Manager,Permanent,Active,6550000.0,Yes,Yes,,,2026-05-13 05:19:14,2026-05-13 05:19:14,,3.3,10.0,50.0,6.795180722891566,16.0,2.0,0,0,0,41.0,0,0.0
194,Rahul,Mishra,Male,B-,Married,1994-08-26,Bachelor,BTech / BCA,Bangalore University,2017,9,6,Senior,Bangalore,Karnataka,India,Indian,2017-01-01,+91-9800000194,+91-9100000194,rahul.mishra.194@company.com,1005,Technology,Engineering,Enterprise Systems,Software Delivery,Application Development,Engineering Team,5,Manager,Route Operations Manager,Permanent,Active,6600000.0,Yes,Yes,,,2026-05-13 05:19:14,2026-05-13 05:19:14,,3.45,10.0,45.90163934426229,6.36144578313253,24.0,2.0,0,0,0,33.0,0,0.0
195,Vikram,Shetty,Male,O-,Married,1994-09-27,Bachelor,BTech / BCA,PES University,2017,9,6,Senior,Bangalore,Karnataka,India,Indian,2017-01-01,+91-9800000195,+91-9100000195,vikram.shetty.195@company.com,1005,Operations,Transport & Logistics,Supply Chain Operations,Logistics,Transport Operations,Logistics Team,5,Manager,Dispatch Manager,Permanent,Active,6650000.0,Yes,Yes,,,2026-05-13 05:19:14,2026-05-13 05:19:14,,3.42,10.0,50.81967213114754,7.132530120481928,23.0,3.0,0,0,0,40.0,0,0.0
196,Sanjay,Bose,Male,A+,Married,1994-10-01,Bachelor,BTech / BCA,VTU Belagavi,2017,9,6,Senior,Bangalore,Karnataka,India,Indian,2017-01-01,+91-9800000196,+91-9100000196,sanjay.bose.196@company.com,1005,Delivery,Program Delivery,Project Management,Delivery Operations,PMO,Delivery Team,5,Manager,Delivery Operations Manager,Permanent,Active,6700000.0,Yes,Yes,,,2026-05-13 05:19:14,2026-05-13 05:19:14,,3.45,10.0,50.81967213114754,6.9879518072289155,14.0,3.0,0,0,0,32.0,0,0.0
197,Ananya,Sharma,Female,B+,Married,1994-11-02,Bachelor,BTech / BCA,IIM Bangalore,2017,9,6,Senior,Bangalore,Karnataka,India,Indian,2017-01-01,+91-9800000197,+91-9100000197,ananya.sharma.197@company.com,1005,Operations,Transport & Logistics,Supply Chain Operations,Logistics,Transport Operations,Logistics Team,5,Manager,Vehicle Maintenance Manager,Permanent,Active,6500000.0,Yes,Yes,,,2026-05-13 05:19:14,2026-05-13 05:19:14,,3.57,15.0,47.540983606557376,6.457831325301205,14.0,2.0,0,0,0,39.0,0,0.0
198,Diya,Iyer,Female,O+,Married,1994-12-03,Bachelor,BTech / BCA,IIT Madras,2017,9,6,Senior,Bangalore,Karnataka,India,Indian,2017-01-01,+91-9800000198,+91-9100000198,diya.iyer.198@company.com,1005,Technology,Engineering,Enterprise Systems,Software Delivery,Application Development,Engineering Team,5,Manager,Driver Operations Manager,Permanent,Active,6550000.0,Yes,Yes,,,2026-05-13 05:19:14,2026-05-13 05:19:14,,3.55,15.0,42.62295081967213,6.313253012048193,10.0,6.0,0,0,0,31.0,0,0.0
199,Myra,Nair,Female,AB+,Married,1994-01-04,Bachelor,BTech / BCA,Christ University,2017,9,6,Senior,Bangalore,Karnataka,India,Indian,2017-01-01,+91-9800000199,+91-9100000199,myra.nair.199@company.com,1005,Operations,Transport & Logistics,Supply Chain Operations,Logistics,Transport Operations,Logistics Team,5,Manager,Last Mile Operations Manager,Permanent,Active,6600000.0,Yes,Yes,,,2026-05-13 05:19:14,2026-05-13 05:19:14,,3.44,10.0,44.26229508196721,6.36144578313253,9.0,3.0,0,0,0,38.0,0,0.0
200,Sara,Kapoor,Female,A-,Married,1994-02-05,Bachelor,BTech / BCA,Anna University,2017,9,6,Senior,Bangalore,Karnataka,India,Indian,2017-01-01,+91-9800000200,+91-9100000200,sara.kapoor.200@company.com,1005,Operations,Transport & Logistics,Supply Chain Operations,Logistics,Transport Operations,Logistics Team,5,Manager,Freight Operations Manager,Permanent,Active,6650000.0,Yes,Yes,,,2026-05-13 05:19:14,2026-05-13 05:19:14,,3.05,10.0,48.36065573770492,6.602409638554217,19.0,6.0,0,0,0,30.0,0,0.0
201,Riya,Rao,Female,B-,Married,1994-03-06,Bachelor,BTech / BCA,Amrita University,2017,9,6,Senior,Bangalore,Karnataka,India,Indian,2017-01-01,+91-9800000201,+91-9100000201,riya.rao.201@company.com,1005,Technology,Engineering,Enterprise Systems,Software Delivery,Application Development,Engineering Team,5,Manager,Inventory Operations Manager,Permanent,Active,6700000.0,Yes,Yes,,,2026-05-13 05:19:14,2026-05-13 05:19:14,,3.49,10.0,46.72131147540984,6.313253012048193,18.0,6.0,0,0,0,37.0,0,0.0
202,Priya,Singh,Female,O-,Married,1994-04-07,Bachelor,BTech / BCA,Delhi University,2017,9,6,Senior,Bangalore,Karnataka,India,Indian,2017-01-01,+91-9800000202,+91-9100000202,priya.singh.202@company.com,1005,Operations,Transport & Logistics,Supply Chain Operations,Logistics,Transport Operations,Logistics Team,5,Manager,Procurement & Logistics Manager,Permanent,Active,6500000.0,Yes,Yes,,,2026-05-13 05:19:14,2026-05-13 05:19:14,,3.52,15.0,40.16393442622951,5.686746987951807,14.0,6.0,0,0,0,29.0,0,0.0
203,Neha,Gupta,Female,A+,Married,1994-05-08,Bachelor,BTech / BCA,St Josephs Institute of Management,2017,9,6,Senior,Bangalore,Karnataka,India,Indian,2017-01-01,+91-9800000203,+91-9100000203,neha.gupta.203@company.com,1005,Operations,Transport & Logistics,Supply Chain Operations,Logistics,Transport Operations,Logistics Team,5,Manager,Cold Chain Operations Manager,Permanent,Active,6550000.0,Yes,Yes,,,2026-05-13 05:19:14,2026-05-13 05:19:14,,3.51,15.0,45.08196721311475,6.313253012048193,8.0,7.0,0,0,0,36.0,0,0.0
204,Kavya,Mishra,Female,B+,Married,1994-06-09,Bachelor,BTech / BCA,Bangalore University,2017,9,6,Senior,Bangalore,Karnataka,India,Indian,2017-01-01,+91-9800000204,+91-9100000204,kavya.mishra.204@company.com,1005,Operations,Transport & Logistics,Supply Chain Operations,Logistics,Transport Operations,Logistics Team,5,Manager,Shipping Operations Manager,Permanent,Active,6600000.0,Yes,Yes,,,2026-05-13 05:19:14,2026-05-13 05:19:14,,3.4,10.0,54.09836065573771,7.228915662650603,17.0,5.0,0,0,0,28.0,0,0.0
205,Meera,Shetty,Female,O+,Married,1994-07-10,Bachelor,BTech / BCA,PES University,2017,9,6,Senior,Bangalore,Karnataka,India,Indian,2017-01-01,+91-9800000205,+91-9100000205,meera.shetty.205@company.com,1005,Operations,Transport & Logistics,Supply Chain Operations,Logistics,Transport Operations,Logistics Team,5,Manager,Port Operations Manager,Permanent,Active,6650000.0,Yes,Yes,,,2026-05-13 05:19:14,2026-05-13 05:19:14,,3.39,10.0,46.72131147540984,6.313253012048193,13.0,2.0,0,0,0,35.0,0,0.0
206,Sneha,Bose,Female,AB+,Married,1994-08-11,Bachelor,BTech / BCA,VTU Belagavi,2017,9,6,Senior,Bangalore,Karnataka,India,Indian,2017-01-01,+91-9800000206,+91-9100000206,sneha.bose.206@company.com,1005,Operations,Transport & Logistics,Supply Chain Operations,Logistics,Transport Operations,Logistics Team,5,Manager,Export Operations Manager,Permanent,Active,6700000.0,Yes,Yes,,,2026-05-13 05:19:14,2026-05-13 05:19:14,,3.35,10.0,52.459016393442624,6.795180722891566,16.0,9.0,0,0,0,27.0,0,0.0
207,Aarav,Sharma,Male,A-,Married,1994-09-12,Bachelor,BTech / BCA,IIM Bangalore,2017,9,6,Senior,Bangalore,Karnataka,India,Indian,2017-01-01,+91-9800000207,+91-9100000207,aarav.sharma.207@company.com,1005,Operations,Transport & Logistics,Supply Chain Operations,Logistics,Transport Operations,Logistics Team,5,Manager,Import Operations Manager,Permanent,Active,6500000.0,Yes,Yes,,,2026-05-13 05:19:14,2026-05-13 05:19:14,,3.26,10.0,48.36065573770492,6.36144578313253,14.0,1.0,0,0,0,34.0,0,0.0
208,Vivaan,Iyer,Male,B-,Married,1994-10-13,Bachelor,BTech / BCA,IIT Madras,2017,9,6,Senior,Bangalore,Karnataka,India,Indian,2017-01-01,+91-9800000208,+91-9100000208,vivaan.iyer.208@company.com,1005,Procurement,Vendor Management,Procurement Operations,Sourcing,Supplier Operations,Procurement Team,5,Manager,Vendor Management Manager,Permanent,Active,6550000.0,Yes,Yes,,,2026-05-13 05:19:14,2026-05-13 05:19:14,,3.47,10.0,42.62295081967213,6.554216867469879,11.0,2.0,0,0,0,41.0,0,0.0
209,Aditya,Nair,Male,O-,Married,1994-11-14,Bachelor,BTech / BCA,Christ University,2017,9,6,Senior,Bangalore,Karnataka,India,Indian,2017-01-01,+91-9800000209,+91-9100000209,aditya.nair.209@company.com,1005,Operations,Transport & Logistics,Supply Chain Operations,Logistics,Transport Operations,Logistics Team,5,Manager,Transportation Compliance Manager,Permanent,Active,6600000.0,Yes,Yes,,,2026-05-13 05:19:14,2026-05-13 05:19:14,,3.54,15.0,43.44262295081967,6.698795180722891,9.0,5.0,0,0,0,33.0,0,0.0
210,Arjun,Kapoor,Male,A+,Married,1994-12-15,Bachelor,BTech / BCA,Anna University,2017,9,6,Senior,Bangalore,Karnataka,India,Indian,2017-01-01,+91-9800000210,+91-9100000210,arjun.kapoor.210@company.com,1005,Operations,Transport & Logistics,Supply Chain Operations,Logistics,Transport Operations,Logistics Team,5,Manager,Travel & Transport Manager,Permanent,Active,6650000.0,Yes,Yes,,,2026-05-13 05:19:14,2026-05-13 05:19:14,,3.41,10.0,49.18032786885246,6.9397590361445785,20.0,9.0,0,0,0,40.0,0,0.0
211,Rohan,Rao,Male,B+,Married,1994-01-16,Bachelor,BTech / BCA,Amrita University,2017,9,6,Senior,Bangalore,Karnataka,India,Indian,2017-01-01,+91-9800000211,+91-9100000211,rohan.rao.211@company.com,1005,Operations,Transport & Logistics,Supply Chain Operations,Logistics,Transport Operations,Logistics Team,5,Manager,Mobility Operations Manager,Permanent,Active,6700000.0,Yes,Yes,,,2026-05-13 05:19:14,2026-05-13 05:19:14,,3.27,10.0,47.540983606557376,7.036144578313253,14.0,2.0,0,0,0,32.0,0,0.0
212,Karthik,Singh,Male,O+,Single,1996-02-17,Bachelor,BTech / BCA,Delhi University,2019,7,4,Mid Level,Bangalore,Karnataka,India,Indian,2019-01-01,+91-9800000212,+91-9100000212,karthik.singh.212@company.com,1004,Technology,Engineering,Enterprise Systems,Software Delivery,Application Development,Engineering Team,4,Team Lead,Team Lead,Permanent,Active,4200000.0,No,Yes,,,2026-05-13 05:19:14,2026-05-13 05:19:14,,3.81,15.0,48.36065573770492,6.313253012048193,20.0,2.0,0,0,0,39.0,0,136.0
213,Nikhil,Gupta,Male,AB+,Single,1996-03-18,Bachelor,BTech / BCA,St Josephs Institute of Management,2019,7,4,Mid Level,Bangalore,Karnataka,India,Indian,2019-01-01,+91-9800000213,+91-9100000213,nikhil.gupta.213@company.com,1004,Technology,Engineering,Enterprise Systems,Software Delivery,Application Development,Engineering Team,4,Team Lead,Technical Lead,Permanent,Active,4250000.0,No,Yes,,,2026-05-13 05:19:14,2026-05-13 05:19:14,,3.75,15.0,50.81967213114754,7.0843373493975905,15.0,6.0,0,0,0,31.0,0,0.0
214,Rahul,Mishra,Male,A-,Single,1996-04-19,Bachelor,BTech / BCA,Bangalore University,2019,7,4,Mid Level,Bangalore,Karnataka,India,Indian,2019-01-01,+91-9800000214,+91-9100000214,rahul.mishra.214@company.com,1004,Technology,Engineering,Enterprise Systems,Software Delivery,Application Development,Engineering Team,4,Team Lead,Functional Lead,Permanent,Active,4300000.0,No,Yes,,,2026-05-13 05:19:14,2026-05-13 05:19:14,,3.2,10.0,47.540983606557376,6.650602409638554,18.0,5.0,0,0,0,38.0,0,0.0
215,Vikram,Shetty,Male,B-,Single,1996-05-20,Bachelor,BTech / BCA,PES University,2019,7,4,Mid Level,Bangalore,Karnataka,India,Indian,2019-01-01,+91-9800000215,+91-9100000215,vikram.shetty.215@company.com,1004,Delivery,Program Delivery,Project Management,Delivery Operations,PMO,Delivery Team,4,Team Lead,Project Lead,Permanent,Active,4350000.0,No,Yes,,,2026-05-13 05:19:14,2026-05-13 05:19:14,,3.29,10.0,48.36065573770492,6.265060240963855,23.0,2.0,0,0,0,30.0,0,0.0
216,Sanjay,Bose,Male,O-,Single,1996-06-21,Bachelor,BTech / BCA,VTU Belagavi,2019,7,4,Mid Level,Bangalore,Karnataka,India,Indian,2019-01-01,+91-9800000216,+91-9100000216,sanjay.bose.216@company.com,1004,Product,Product Management,Product Strategy,Product Delivery,Product Operations,Product Team,4,Team Lead,Product Lead,Permanent,Active,4400000.0,No,Yes,,,2026-05-13 05:19:14,2026-05-13 05:19:14,,3.53,15.0,50.81967213114754,6.843373493975903,9.0,7.0,0,0,0,37.0,0,0.0
217,Ananya,Sharma,Female,A+,Single,1996-07-22,Bachelor,BTech / BCA,IIM Bangalore,2019,7,4,Mid Level,Bangalore,Karnataka,India,Indian,2019-01-01,+91-9800000217,+91-9100000217,ananya.sharma.217@company.com,1004,Delivery,Program Delivery,Project Management,Delivery Operations,PMO,Delivery Team,4,Team Lead,Program Lead,Permanent,Active,4200000.0,No,Yes,,,2026-05-13 05:19:14,2026-05-13 05:19:14,,3.65,15.0,49.18032786885246,6.457831325301205,11.0,4.0,0,0,0,29.0,0,0.0
218,Diya,Iyer,Female,B+,Single,1996-08-23,Bachelor,BTech / BCA,IIT Madras,2019,7,4,Mid Level,Bangalore,Karnataka,India,Indian,2019-01-01,+91-9800000218,+91-9100000218,diya.iyer.218@company.com,1004,Technology,Engineering,Enterprise Systems,Software Delivery,Application Development,Engineering Team,4,Team Lead,Engineering Lead,Permanent,Active,4250000.0,No,Yes,,,2026-05-13 05:19:14,2026-05-13 05:19:14,,3.14,10.0,50.81967213114754,6.9879518072289155,16.0,9.0,0,0,0,36.0,0,0.0
219,Myra,Nair,Female,O+,Single,1996-09-24,Bachelor,BTech / BCA,Christ University,2019,7,4,Mid Level,Bangalore,Karnataka,India,Indian,2019-01-01,+91-9800000219,+91-9100000219,myra.nair.219@company.com,1004,Technology,Engineering,Enterprise Systems,Software Delivery,Application Development,Engineering Team,4,Team Lead,Software Development Lead,Permanent,Active,4300000.0,No,Yes,,,2026-05-13 05:19:14,2026-05-13 05:19:14,,3.41,10.0,46.72131147540984,6.554216867469879,8.0,6.0,0,0,0,28.0,0,0.0
220,Sara,Kapoor,Female,AB+,Single,1996-10-25,Bachelor,BTech / BCA,Anna University,2019,7,4,Mid Level,Bangalore,Karnataka,India,Indian,2019-01-01,+91-9800000220,+91-9100000220,sara.kapoor.220@company.com,1004,Technology,Engineering,Enterprise Systems,Software Delivery,Application Development,Engineering Team,4,Team Lead,Frontend Lead,Permanent,Active,4350000.0,No,Yes,,,2026-05-13 05:19:14,2026-05-13 05:19:14,,3.74,15.0,50.81967213114754,6.313253012048193,11.0,6.0,0,0,0,35.0,0,0.0
221,Riya,Rao,Female,A-,Single,1996-11-26,Bachelor,BTech / BCA,Amrita University,2019,7,4,Mid Level,Bangalore,Karnataka,India,Indian,2019-01-01,+91-9800000221,+91-9100000221,riya.rao.221@company.com,1004,Technology,Engineering,Enterprise Systems,Software Delivery,Application Development,Engineering Team,4,Team Lead,Backend Lead,Permanent,Active,4400000.0,No,Yes,,,2026-05-13 05:19:14,2026-05-13 05:19:14,,3.45,10.0,43.44262295081967,6.216867469879518,14.0,1.0,0,0,0,27.0,0,0.0
222,Priya,Singh,Female,B-,Single,1996-12-27,Bachelor,BTech / BCA,Delhi University,2019,7,4,Mid Level,Bangalore,Karnataka,India,Indian,2019-01-01,+91-9800000222,+91-9100000222,priya.singh.222@company.com,1004,Technology,Engineering,Enterprise Systems,Software Delivery,Application Development,Engineering Team,4,Team Lead,Full Stack Lead,Permanent,Active,4200000.0,No,Yes,,,2026-05-13 05:19:14,2026-05-13 05:19:14,,2.98,5.0,49.18032786885246,6.746987951807229,18.0,5.0,0,0,0,34.0,0,0.0
223,Neha,Gupta,Female,O-,Single,1996-01-01,Bachelor,BTech / BCA,St Josephs Institute of Management,2019,7,4,Mid Level,Bangalore,Karnataka,India,Indian,2019-01-01,+91-9800000223,+91-9100000223,neha.gupta.223@company.com,1004,Technology,Data & AI,Analytics Platforms,Data Intelligence,AI & Analytics,Data Team,4,Team Lead,Mobile App Lead,Permanent,Active,4250000.0,No,Yes,,,2026-05-13 05:19:14,2026-05-13 05:19:14,,3.52,15.0,51.63934426229508,6.795180722891566,17.0,2.0,0,0,0,41.0,0,0.0
224,Kavya,Mishra,Female,A+,Single,1996-02-02,Bachelor,BTech / BCA,Bangalore University,2019,7,4,Mid Level,Bangalore,Karnataka,India,Indian,2019-01-01,+91-9800000224,+91-9100000224,kavya.mishra.224@company.com,1004,Technology,Engineering,Enterprise Systems,Software Delivery,Application Development,Engineering Team,4,Team Lead,API Lead,Permanent,Active,4300000.0,No,Yes,,,2026-05-13 05:19:14,2026-05-13 05:19:14,,3.18,10.0,48.36065573770492,6.313253012048193,10.0,5.0,0,0,0,33.0,0,0.0
225,Meera,Shetty,Female,B+,Single,1996-03-03,Bachelor,BTech / BCA,PES University,2019,7,4,Mid Level,Bangalore,Karnataka,India,Indian,2019-01-01,+91-9800000225,+91-9100000225,meera.shetty.225@company.com,1004,Technology,Engineering,Enterprise Systems,Software Delivery,Application Development,Engineering Team,4,Team Lead,Integration Lead,Permanent,Active,4350000.0,No,Yes,,,2026-05-13 05:19:14,2026-05-13 05:19:14,,3.24,10.0,50.81967213114754,6.409638554216867,23.0,6.0,0,0,0,40.0,0,0.0
226,Sneha,Bose,Female,O+,Single,1996-04-04,Bachelor,BTech / BCA,VTU Belagavi,2019,7,4,Mid Level,Bangalore,Karnataka,India,Indian,2019-01-01,+91-9800000226,+91-9100000226,sneha.bose.226@company.com,1004,Technology,Engineering,Enterprise Systems,Software Delivery,Application Development,Engineering Team,4,Team Lead,Solution Lead,Permanent,Active,4400000.0,No,Yes,,,2026-05-13 05:19:14,2026-05-13 05:19:14,,3.62,15.0,48.36065573770492,6.506024096385542,19.0,3.0,0,0,0,32.0,0,0.0
227,Aarav,Sharma,Male,AB+,Single,1996-05-05,Bachelor,BTech / BCA,IIM Bangalore,2019,7,4,Mid Level,Bangalore,Karnataka,India,Indian,2019-01-01,+91-9800000227,+91-9100000227,aarav.sharma.227@company.com,1004,Technology,Engineering,Enterprise Systems,Software Delivery,Application Development,Engineering Team,4,Team Lead,Architecture Lead,Permanent,Active,4200000.0,No,Yes,,,2026-05-13 05:19:14,2026-05-13 05:19:14,,3.74,15.0,48.36065573770492,6.602409638554217,14.0,4.0,0,0,0,39.0,0,0.0
228,Vivaan,Iyer,Male,A-,Single,1996-06-06,Bachelor,BTech / BCA,IIT Madras,2019,7,4,Mid Level,Bangalore,Karnataka,India,Indian,2019-01-01,+91-9800000228,+91-9100000228,vivaan.iyer.228@company.com,1004,Technology,Engineering,Enterprise Systems,Software Delivery,Application Development,Engineering Team,4,Team Lead,Application Lead,Permanent,Active,4250000.0,No,Yes,,,2026-05-13 05:19:14,2026-05-13 05:19:14,,3.38,10.0,50.81967213114754,6.554216867469879,10.0,5.0,0,0,0,31.0,0,0.0
229,Aditya,Nair,Male,B-,Single,1996-07-07,Bachelor,BTech / BCA,Christ University,2019,7,4,Mid Level,Bangalore,Karnataka,India,Indian,2019-01-01,+91-9800000229,+91-9100000229,aditya.nair.229@company.com,1004,Technology,Infrastructure & Platform,Cloud & Platform Operations,Enterprise Infrastructure,Platform Services,Infrastructure Team,4,Team Lead,Platform Lead,Permanent,Active,4300000.0,No,Yes,,,2026-05-13 05:19:14,2026-05-13 05:19:14,,3.41,10.0,50.0,6.554216867469879,15.0,3.0,0,0,0,38.0,0,0.0
230,Arjun,Kapoor,Male,O-,Single,1996-08-08,Bachelor,BTech / BCA,Anna University,2019,7,4,Mid Level,Bangalore,Karnataka,India,Indian,2019-01-01,+91-9800000230,+91-9100000230,arjun.kapoor.230@company.com,1004,Technology,Infrastructure & Platform,Cloud & Platform Operations,Enterprise Infrastructure,Platform Services,Infrastructure Team,4,Team Lead,Infrastructure Lead,Permanent,Active,4350000.0,No,Yes,,,2026-05-13 05:19:14,2026-05-13 05:19:14,,3.37,10.0,40.98360655737705,5.975903614457831,28.0,2.0,0,0,0,30.0,0,0.0
231,Rohan,Rao,Male,A+,Single,1996-09-09,Bachelor,BTech / BCA,Amrita University,2019,7,4,Mid Level,Bangalore,Karnataka,India,Indian,2019-01-01,+91-9800000231,+91-9100000231,rohan.rao.231@company.com,1004,Technology,Infrastructure & Platform,Cloud & Platform Operations,Enterprise Infrastructure,Platform Services,Infrastructure Team,4,Team Lead,Cloud Operations Lead,Permanent,Active,4400000.0,No,Yes,,,2026-05-13 05:19:14,2026-05-13 05:19:14,,3.31,10.0,51.63934426229508,6.891566265060241,14.0,2.0,0,0,0,37.0,0,0.0
232,Karthik,Singh,Male,B+,Single,1996-10-10,Bachelor,BTech / BCA,Delhi University,2019,7,4,Mid Level,Bangalore,Karnataka,India,Indian,2019-01-01,+91-9800000232,+91-9100000232,karthik.singh.232@company.com,1004,Technology,Infrastructure & Platform,Cloud & Platform Operations,Enterprise Infrastructure,Platform Services,Infrastructure Team,4,Team Lead,DevOps Lead,Permanent,Active,4200000.0,No,Yes,,,2026-05-13 05:19:14,2026-05-13 05:19:14,,3.13,10.0,40.16393442622951,6.216867469879518,10.0,5.0,0,0,0,29.0,0,0.0
233,Nikhil,Gupta,Male,O+,Single,1996-11-11,Bachelor,BTech / BCA,St Josephs Institute of Management,2019,7,4,Mid Level,Bangalore,Karnataka,India,Indian,2019-01-01,+91-9800000233,+91-9100000233,nikhil.gupta.233@company.com,1004,Technology,Data & AI,Analytics Platforms,Data Intelligence,AI & Analytics,Data Team,4,Team Lead,Site Reliability Engineering Lead,Permanent,Active,4250000.0,No,Yes,,,2026-05-13 05:19:14,2026-05-13 05:19:14,,3.27,10.0,58.19672131147541,7.036144578313253,19.0,5.0,0,0,0,36.0,0,0.0
234,Rahul,Mishra,Male,AB+,Single,1996-12-12,Bachelor,BTech / BCA,Bangalore University,2019,7,4,Mid Level,Bangalore,Karnataka,India,Indian,2019-01-01,+91-9800000234,+91-9100000234,rahul.mishra.234@company.com,1004,Technology,Infrastructure & Platform,Cloud & Platform Operations,Enterprise Infrastructure,Platform Services,Infrastructure Team,4,Team Lead,Cloud Engineering Lead,Permanent,Active,4300000.0,No,Yes,,,2026-05-13 05:19:14,2026-05-13 05:19:14,,3.44,10.0,49.18032786885246,6.795180722891566,27.0,2.0,0,0,0,28.0,0,0.0
235,Vikram,Shetty,Male,A-,Single,1996-01-13,Bachelor,BTech / BCA,PES University,2019,7,4,Mid Level,Bangalore,Karnataka,India,Indian,2019-01-01,+91-9800000235,+91-9100000235,vikram.shetty.235@company.com,1004,Technology,Infrastructure & Platform,Cloud & Platform Operations,Enterprise Infrastructure,Platform Services,Infrastructure Team,4,Team Lead,Platform Engineering Lead,Permanent,Active,4350000.0,No,Yes,,,2026-05-13 05:19:14,2026-05-13 05:19:14,,3.08,10.0,49.18032786885246,6.506024096385542,18.0,2.0,0,0,0,35.0,0,0.0
236,Sanjay,Bose,Male,B-,Single,1996-02-14,Bachelor,BTech / BCA,VTU Belagavi,2019,7,4,Mid Level,Bangalore,Karnataka,India,Indian,2019-01-01,+91-9800000236,+91-9100000236,sanjay.bose.236@company.com,1004,Technology,Quality Engineering,Testing Services,QA Delivery,Test Automation,QA Team,4,Team Lead,QA Lead,Permanent,Active,4400000.0,No,Yes,,,2026-05-13 05:19:14,2026-05-13 05:19:14,,3.28,10.0,46.72131147540984,6.313253012048193,15.0,4.0,0,0,0,27.0,0,0.0
237,Ananya,Sharma,Female,O-,Single,1996-03-15,Bachelor,BTech / BCA,IIM Bangalore,2019,7,4,Mid Level,Bangalore,Karnataka,India,Indian,2019-01-01,+91-9800000237,+91-9100000237,ananya.sharma.237@company.com,1004,Technology,Quality Engineering,Testing Services,QA Delivery,Test Automation,QA Team,4,Team Lead,Automation Testing Lead,Permanent,Active,4200000.0,No,Yes,,,2026-05-13 05:19:14,2026-05-13 05:19:14,,3.27,10.0,50.81967213114754,6.650602409638554,15.0,4.0,0,0,0,34.0,0,0.0
238,Diya,Iyer,Female,A+,Single,1996-04-16,Bachelor,BTech / BCA,IIT Madras,2019,7,4,Mid Level,Bangalore,Karnataka,India,Indian,2019-01-01,+91-9800000238,+91-9100000238,diya.iyer.238@company.com,1004,Technology,Quality Engineering,Testing Services,QA Delivery,Test Automation,QA Team,4,Team Lead,Manual Testing Lead,Permanent,Active,4250000.0,No,Yes,,,2026-05-13 05:19:14,2026-05-13 05:19:14,,3.41,10.0,43.44262295081967,6.36144578313253,21.0,5.0,0,0,0,41.0,0,0.0
239,Myra,Nair,Female,B+,Single,1996-05-17,Bachelor,BTech / BCA,Christ University,2019,7,4,Mid Level,Bangalore,Karnataka,India,Indian,2019-01-01,+91-9800000239,+91-9100000239,myra.nair.239@company.com,1004,Technology,Quality Engineering,Testing Services,QA Delivery,Test Automation,QA Team,4,Team Lead,Performance Testing Lead,Permanent,Active,4300000.0,No,Yes,,,2026-05-13 05:19:14,2026-05-13 05:19:14,,3.52,15.0,45.08196721311475,6.024096385542169,16.0,5.0,0,0,0,33.0,0,0.0
240,Sara,Kapoor,Female,O+,Single,1996-06-18,Bachelor,BTech / BCA,Anna University,2019,7,4,Mid Level,Bangalore,Karnataka,India,Indian,2019-01-01,+91-9800000240,+91-9100000240,sara.kapoor.240@company.com,1004,Technology,Information Security,Cyber Security Operations,Security Governance,Security Operations,Security Team,4,Team Lead,Security Testing Lead,Permanent,Active,4350000.0,No,Yes,,,2026-05-13 05:19:14,2026-05-13 05:19:14,,3.69,15.0,51.63934426229508,6.602409638554217,17.0,4.0,0,0,0,40.0,0,0.0
241,Riya,Rao,Female,AB+,Single,1996-07-19,Bachelor,BTech / BCA,Amrita University,2019,7,4,Mid Level,Bangalore,Karnataka,India,Indian,2019-01-01,+91-9800000241,+91-9100000241,riya.rao.241@company.com,1004,Technology,Information Security,Cyber Security Operations,Security Governance,Security Operations,Security Team,4,Team Lead,Security Lead,Permanent,Active,4400000.0,No,Yes,,,2026-05-13 05:19:14,2026-05-13 05:19:14,,3.27,10.0,48.36065573770492,6.457831325301205,18.0,7.0,0,0,0,32.0,0,0.0
242,Priya,Singh,Female,A-,Single,1996-08-20,Bachelor,BTech / BCA,Delhi University,2019,7,4,Mid Level,Bangalore,Karnataka,India,Indian,2019-01-01,+91-9800000242,+91-9100000242,priya.singh.242@company.com,1004,Technology,Information Security,Cyber Security Operations,Security Governance,Security Operations,Security Team,4,Team Lead,Cyber Security Lead,Permanent,Active,4200000.0,No,Yes,,,2026-05-13 05:19:14,2026-05-13 05:19:14,,3.28,10.0,47.540983606557376,6.457831325301205,14.0,3.0,0,0,0,39.0,0,0.0
243,Neha,Gupta,Female,B-,Single,1996-09-21,Bachelor,BTech / BCA,St Josephs Institute of Management,2019,7,4,Mid Level,Bangalore,Karnataka,India,Indian,2019-01-01,+91-9800000243,+91-9100000243,neha.gupta.243@company.com,1004,Technology,Information Security,Cyber Security Operations,Security Governance,Security Operations,Security Team,4,Team Lead,SOC Lead,Permanent,Active,4250000.0,No,Yes,,,2026-05-13 05:19:14,2026-05-13 05:19:14,,3.32,10.0,47.540983606557376,6.265060240963855,19.0,3.0,0,0,0,31.0,0,0.0
244,Kavya,Mishra,Female,O-,Single,1996-10-22,Bachelor,BTech / BCA,Bangalore University,2019,7,4,Mid Level,Bangalore,Karnataka,India,Indian,2019-01-01,+91-9800000244,+91-9100000244,kavya.mishra.244@company.com,1004,Technology,Information Security,Cyber Security Operations,Security Governance,Security Operations,Security Team,4,Team Lead,Application Security Lead,Permanent,Active,4300000.0,No,Yes,,,2026-05-13 05:19:14,2026-05-13 05:19:14,,3.72,15.0,47.540983606557376,6.9397590361445785,20.0,6.0,0,0,0,38.0,0,0.0
245,Meera,Shetty,Female,A+,Single,1996-11-23,Bachelor,BTech / BCA,PES University,2019,7,4,Mid Level,Bangalore,Karnataka,India,Indian,2019-01-01,+91-9800000245,+91-9100000245,meera.shetty.245@company.com,1004,Technology,Information Security,Cyber Security Operations,Security Governance,Security Operations,Security Team,4,Team Lead,Cloud Security Lead,Permanent,Active,4350000.0,No,Yes,,,2026-05-13 05:19:14,2026-05-13 05:19:14,,3.41,10.0,46.72131147540984,6.698795180722891,20.0,5.0,0,0,0,30.0,0,0.0
246,Sneha,Bose,Female,B+,Single,1996-12-24,Bachelor,BTech / BCA,VTU Belagavi,2019,7,4,Mid Level,Bangalore,Karnataka,India,Indian,2019-01-01,+91-9800000246,+91-9100000246,sneha.bose.246@company.com,1004,Technology,Information Security,Cyber Security Operations,Security Governance,Security Operations,Security Team,4,Team Lead,IAM Lead,Permanent,Active,4400000.0,No,Yes,,,2026-05-13 05:19:14,2026-05-13 05:19:14,,3.4,10.0,49.18032786885246,7.373493975903615,25.0,5.0,0,0,0,37.0,0,0.0
247,Aarav,Sharma,Male,O+,Single,1996-01-25,Bachelor,BTech / BCA,IIM Bangalore,2019,7,4,Mid Level,Bangalore,Karnataka,India,Indian,2019-01-01,+91-9800000247,+91-9100000247,aarav.sharma.247@company.com,1004,Technology,Information Security,Cyber Security Operations,Security Governance,Security Operations,Security Team,4,Team Lead,GRC Lead,Permanent,Active,4200000.0,No,Yes,,,2026-05-13 05:19:14,2026-05-13 05:19:14,,3.26,10.0,50.81967213114754,6.9879518072289155,13.0,6.0,0,0,0,29.0,0,0.0
248,Vivaan,Iyer,Male,AB+,Single,1996-02-26,Bachelor,BTech / BCA,IIT Madras,2019,7,4,Mid Level,Bangalore,Karnataka,India,Indian,2019-01-01,+91-9800000248,+91-9100000248,vivaan.iyer.248@company.com,1004,Technology,Infrastructure & Platform,Cloud & Platform Operations,Enterprise Infrastructure,Platform Services,Infrastructure Team,4,Team Lead,Network Lead,Permanent,Active,4250000.0,No,Yes,,,2026-05-13 05:19:14,2026-05-13 05:19:14,,3.1,10.0,46.72131147540984,6.457831325301205,8.0,3.0,0,0,0,36.0,0,0.0
249,Aditya,Nair,Male,A-,Single,1996-03-27,Bachelor,BTech / BCA,Christ University,2019,7,4,Mid Level,Bangalore,Karnataka,India,Indian,2019-01-01,+91-9800000249,+91-9100000249,aditya.nair.249@company.com,1004,Technology,Data & AI,Analytics Platforms,Data Intelligence,AI & Analytics,Data Team,4,Team Lead,Database Lead,Permanent,Active,4300000.0,No,Yes,,,2026-05-13 05:19:14,2026-05-13 05:19:14,,3.58,15.0,50.81967213114754,6.795180722891566,14.0,5.0,0,0,0,28.0,0,0.0
250,Arjun,Kapoor,Male,B-,Single,1996-04-01,Bachelor,BTech / BCA,Anna University,2019,7,4,Mid Level,Bangalore,Karnataka,India,Indian,2019-01-01,+91-9800000250,+91-9100000250,arjun.kapoor.250@company.com,1004,Technology,Data & AI,Analytics Platforms,Data Intelligence,AI & Analytics,Data Team,4,Team Lead,Data Engineering Lead,Permanent,Active,4350000.0,No,Yes,,,2026-05-13 05:19:14,2026-05-13 05:19:14,,3.68,15.0,40.98360655737705,6.168674698795181,14.0,2.0,0,0,0,35.0,0,0.0
251,Rohan,Rao,Male,O-,Single,1996-05-02,Bachelor,BTech / BCA,Amrita University,2019,7,4,Mid Level,Bangalore,Karnataka,India,Indian,2019-01-01,+91-9800000251,+91-9100000251,rohan.rao.251@company.com,1004,Technology,Data & AI,Analytics Platforms,Data Intelligence,AI & Analytics,Data Team,4,Team Lead,Data Analytics Lead,Permanent,Active,4400000.0,No,Yes,,,2026-05-13 05:19:14,2026-05-13 05:19:14,,3.72,15.0,50.0,6.795180722891566,15.0,2.0,0,0,0,27.0,0,0.0
252,Karthik,Singh,Male,A+,Single,1996-06-03,Bachelor,BTech / BCA,Delhi University,2019,7,4,Mid Level,Bangalore,Karnataka,India,Indian,2019-01-01,+91-9800000252,+91-9100000252,karthik.singh.252@company.com,1004,Technology,Data & AI,Analytics Platforms,Data Intelligence,AI & Analytics,Data Team,4,Team Lead,BI Lead,Permanent,Active,4200000.0,No,Yes,,,2026-05-13 05:19:14,2026-05-13 05:19:14,,3.31,10.0,48.36065573770492,6.506024096385542,22.0,3.0,0,0,0,34.0,0,0.0
253,Nikhil,Gupta,Male,B+,Single,1996-07-04,Bachelor,BTech / BCA,St Josephs Institute of Management,2019,7,4,Mid Level,Bangalore,Karnataka,India,Indian,2019-01-01,+91-9800000253,+91-9100000253,nikhil.gupta.253@company.com,1004,Technology,Data & AI,Analytics Platforms,Data Intelligence,AI & Analytics,Data Team,4,Team Lead,AI/ML Lead,Permanent,Active,4250000.0,No,Yes,,,2026-05-13 05:19:14,2026-05-13 05:19:14,,3.33,10.0,45.08196721311475,6.650602409638554,13.0,3.0,0,0,0,41.0,0,0.0
254,Rahul,Mishra,Male,O+,Single,1996-08-05,Bachelor,BTech / BCA,Bangalore University,2019,7,4,Mid Level,Bangalore,Karnataka,India,Indian,2019-01-01,+91-9800000254,+91-9100000254,rahul.mishra.254@company.com,1004,Technology,Data & AI,Analytics Platforms,Data Intelligence,AI & Analytics,Data Team,4,Team Lead,MLOps Lead,Permanent,Active,4300000.0,No,Yes,,,2026-05-13 05:19:14,2026-05-13 05:19:14,,3.21,10.0,44.26229508196721,6.072289156626506,11.0,3.0,0,0,0,33.0,0,0.0
255,Vikram,Shetty,Male,AB+,Single,1996-09-06,Bachelor,BTech / BCA,PES University,2019,7,4,Mid Level,Bangalore,Karnataka,India,Indian,2019-01-01,+91-9800000255,+91-9100000255,vikram.shetty.255@company.com,1004,Technology,Data & AI,Analytics Platforms,Data Intelligence,AI & Analytics,Data Team,4,Team Lead,GenAI Lead,Permanent,Active,4350000.0,No,Yes,,,2026-05-13 05:19:14,2026-05-13 05:19:14,,3.42,10.0,47.540983606557376,6.746987951807229,20.0,3.0,0,0,0,40.0,0,0.0
256,Sanjay,Bose,Male,A-,Single,1996-10-07,Bachelor,BTech / BCA,VTU Belagavi,2019,7,4,Mid Level,Bangalore,Karnataka,India,Indian,2019-01-01,+91-9800000256,+91-9100000256,sanjay.bose.256@company.com,1004,Technology,Engineering,Enterprise Systems,Software Delivery,Application Development,Engineering Team,4,Team Lead,RPA Lead,Permanent,Active,4400000.0,No,Yes,,,2026-05-13 05:19:14,2026-05-13 05:19:14,,3.45,10.0,49.18032786885246,6.746987951807229,13.0,4.0,0,0,0,32.0,0,0.0
257,Ananya,Sharma,Female,B-,Single,1996-11-08,Bachelor,BTech / BCA,IIM Bangalore,2019,7,4,Mid Level,Bangalore,Karnataka,India,Indian,2019-01-01,+91-9800000257,+91-9100000257,ananya.sharma.257@company.com,1004,Technology,Infrastructure & Platform,Cloud & Platform Operations,Enterprise Infrastructure,Platform Services,Infrastructure Team,4,Team Lead,System Administration Lead,Permanent,Active,4200000.0,No,Yes,,,2026-05-13 05:19:14,2026-05-13 05:19:14,,3.48,10.0,48.36065573770492,6.602409638554217,8.0,5.0,0,0,0,39.0,0,0.0
258,Diya,Iyer,Female,O-,Single,1996-12-09,Bachelor,BTech / BCA,IIT Madras,2019,7,4,Mid Level,Bangalore,Karnataka,India,Indian,2019-01-01,+91-9800000258,+91-9100000258,diya.iyer.258@company.com,1004,Technology,Infrastructure & Platform,Cloud & Platform Operations,Enterprise Infrastructure,Platform Services,Infrastructure Team,4,Team Lead,Linux Administration Lead,Permanent,Active,4250000.0,No,Yes,,,2026-05-13 05:19:14,2026-05-13 05:19:14,,3.31,10.0,46.72131147540984,6.457831325301205,18.0,4.0,0,0,0,31.0,0,0.0
259,Myra,Nair,Female,A+,Single,1996-01-10,Bachelor,BTech / BCA,Christ University,2019,7,4,Mid Level,Bangalore,Karnataka,India,Indian,2019-01-01,+91-9800000259,+91-9100000259,myra.nair.259@company.com,1004,Technology,Infrastructure & Platform,Cloud & Platform Operations,Enterprise Infrastructure,Platform Services,Infrastructure Team,4,Team Lead,Windows Administration Lead,Permanent,Active,4300000.0,No,Yes,,,2026-05-13 05:19:14,2026-05-13 05:19:14,,3.48,10.0,45.08196721311475,6.650602409638554,23.0,5.0,0,0,0,38.0,0,0.0
260,Sara,Kapoor,Female,B+,Single,1996-02-11,Bachelor,BTech / BCA,Anna University,2019,7,4,Mid Level,Bangalore,Karnataka,India,Indian,2019-01-01,+91-9800000260,+91-9100000260,sara.kapoor.260@company.com,1004,Technology,Data & AI,Analytics Platforms,Data Intelligence,AI & Analytics,Data Team,4,Team Lead,Database Administration Lead,Permanent,Active,4350000.0,No,Yes,,,2026-05-13 05:19:14,2026-05-13 05:19:14,,3.41,10.0,47.540983606557376,6.795180722891566,18.0,3.0,0,0,0,30.0,0,0.0
261,Riya,Rao,Female,O+,Single,1996-03-12,Bachelor,BTech / BCA,Amrita University,2019,7,4,Mid Level,Bangalore,Karnataka,India,Indian,2019-01-01,+91-9800000261,+91-9100000261,riya.rao.261@company.com,1004,Operations,Transport & Logistics,Supply Chain Operations,Logistics,Transport Operations,Logistics Team,4,Team Lead,IT Support Lead,Permanent,Active,4400000.0,No,Yes,,,2026-05-13 05:19:14,2026-05-13 05:19:14,,3.56,15.0,54.09836065573771,6.9879518072289155,14.0,4.0,0,0,0,37.0,0,0.0
262,Priya,Singh,Female,AB+,Single,1996-04-13,Bachelor,BTech / BCA,Delhi University,2019,7,4,Mid Level,Bangalore,Karnataka,India,Indian,2019-01-01,+91-9800000262,+91-9100000262,priya.singh.262@company.com,1004,Technology,Engineering,Enterprise Systems,Software Delivery,Application Development,Engineering Team,4,Team Lead,Service Desk Lead,Permanent,Active,4200000.0,No,Yes,,,2026-05-13 05:19:14,2026-05-13 05:19:14,,3.67,15.0,43.44262295081967,6.024096385542169,16.0,2.0,0,0,0,29.0,0,0.0
263,Neha,Gupta,Female,A-,Single,1996-05-14,Bachelor,BTech / BCA,St Josephs Institute of Management,2019,7,4,Mid Level,Bangalore,Karnataka,India,Indian,2019-01-01,+91-9800000263,+91-9100000263,neha.gupta.263@company.com,1004,Technology,Engineering,Enterprise Systems,Software Delivery,Application Development,Engineering Team,4,Team Lead,Release Management Lead,Permanent,Active,4250000.0,No,Yes,,,2026-05-13 05:19:14,2026-05-13 05:19:14,,3.54,15.0,50.0,6.602409638554217,13.0,5.0,0,0,0,36.0,0,0.0
264,Kavya,Mishra,Female,B-,Single,1996-06-15,Bachelor,BTech / BCA,Bangalore University,2019,7,4,Mid Level,Bangalore,Karnataka,India,Indian,2019-01-01,+91-9800000264,+91-9100000264,kavya.mishra.264@company.com,1004,Technology,Engineering,Enterprise Systems,Software Delivery,Application Development,Engineering Team,4,Team Lead,Change Management Lead,Permanent,Active,4300000.0,No,Yes,,,2026-05-13 05:19:14,2026-05-13 05:19:14,,3.54,15.0,48.36065573770492,6.506024096385542,3.0,4.0,0,0,0,28.0,0,0.0
265,Meera,Shetty,Female,O-,Single,1996-07-16,Bachelor,BTech / BCA,PES University,2019,7,4,Mid Level,Bangalore,Karnataka,India,Indian,2019-01-01,+91-9800000265,+91-9100000265,meera.shetty.265@company.com,1004,Operations,Transport & Logistics,Supply Chain Operations,Logistics,Transport Operations,Logistics Team,4,Team Lead,Technical Support Lead,Permanent,Active,4350000.0,No,Yes,,,2026-05-13 05:19:14,2026-05-13 05:19:14,,3.47,10.0,49.18032786885246,7.036144578313253,12.0,6.0,0,0,0,35.0,0,0.0
266,Sneha,Bose,Female,A+,Single,1996-08-17,Bachelor,BTech / BCA,VTU Belagavi,2019,7,4,Mid Level,Bangalore,Karnataka,India,Indian,2019-01-01,+91-9800000266,+91-9100000266,sneha.bose.266@company.com,1004,Delivery,Program Delivery,Project Management,Delivery Operations,PMO,Delivery Team,4,Team Lead,PMO Lead,Permanent,Active,4400000.0,No,Yes,,,2026-05-13 05:19:14,2026-05-13 05:19:14,,3.63,15.0,45.90163934426229,6.698795180722891,25.0,6.0,0,0,0,27.0,0,0.0
267,Aarav,Sharma,Male,B+,Single,1996-09-18,Bachelor,BTech / BCA,IIM Bangalore,2019,7,4,Mid Level,Bangalore,Karnataka,India,Indian,2019-01-01,+91-9800000267,+91-9100000267,aarav.sharma.267@company.com,1004,Delivery,Program Delivery,Project Management,Delivery Operations,PMO,Delivery Team,4,Team Lead,Delivery Lead,Permanent,Active,4200000.0,No,Yes,,,2026-05-13 05:19:14,2026-05-13 05:19:14,,3.46,10.0,47.540983606557376,6.650602409638554,11.0,2.0,0,0,0,34.0,0,0.0
268,Vivaan,Iyer,Male,O+,Single,1996-10-19,Bachelor,BTech / BCA,IIT Madras,2019,7,4,Mid Level,Bangalore,Karnataka,India,Indian,2019-01-01,+91-9800000268,+91-9100000268,vivaan.iyer.268@company.com,1004,Technology,Engineering,Enterprise Systems,Software Delivery,Application Development,Engineering Team,4,Team Lead,Operations Lead,Permanent,Active,4250000.0,No,Yes,,,2026-05-13 05:19:14,2026-05-13 05:19:14,,3.22,10.0,50.0,7.036144578313253,12.0,5.0,0,0,0,41.0,0,0.0
269,Aditya,Nair,Male,AB+,Single,1996-11-20,Bachelor,BTech / BCA,Christ University,2019,7,4,Mid Level,Bangalore,Karnataka,India,Indian,2019-01-01,+91-9800000269,+91-9100000269,aditya.nair.269@company.com,1004,Technology,Engineering,Enterprise Systems,Software Delivery,Application Development,Engineering Team,4,Team Lead,Customer Success Lead,Permanent,Active,4300000.0,No,Yes,,,2026-05-13 05:19:14,2026-05-13 05:19:14,,3.44,10.0,43.44262295081967,6.554216867469879,13.0,2.0,0,0,0,33.0,0,0.0
270,Arjun,Kapoor,Male,A-,Single,1996-12-21,Bachelor,BTech / BCA,Anna University,2019,7,4,Mid Level,Bangalore,Karnataka,India,Indian,2019-01-01,+91-9800000270,+91-9100000270,arjun.kapoor.270@company.com,1004,Technology,Engineering,Enterprise Systems,Software Delivery,Application Development,Engineering Team,4,Team Lead,Client Relationship Lead,Permanent,Active,4350000.0,No,Yes,,,2026-05-13 05:19:14,2026-05-13 05:19:14,,3.47,10.0,46.72131147540984,6.650602409638554,26.0,5.0,0,0,0,40.0,0,0.0
271,Rohan,Rao,Male,B-,Single,1996-01-22,Bachelor,BTech / BCA,Amrita University,2019,7,4,Mid Level,Bangalore,Karnataka,India,Indian,2019-01-01,+91-9800000271,+91-9100000271,rohan.rao.271@company.com,1004,Human Resources,People Operations,Workforce Management,HR Operations,People Services,HR Team,4,Team Lead,HR Lead,Permanent,Active,4400000.0,No,Yes,,,2026-05-13 05:19:14,2026-05-13 05:19:14,,3.22,10.0,44.26229508196721,6.265060240963855,8.0,5.0,0,0,0,32.0,0,0.0
272,Karthik,Singh,Male,O-,Single,1996-02-23,Bachelor,BTech / BCA,Delhi University,2019,7,4,Mid Level,Bangalore,Karnataka,India,Indian,2019-01-01,+91-9800000272,+91-9100000272,karthik.singh.272@company.com,1004,Human Resources,People Operations,Workforce Management,HR Operations,People Services,HR Team,4,Team Lead,Talent Acquisition Lead,Permanent,Active,4200000.0,No,Yes,,,2026-05-13 05:19:14,2026-05-13 05:19:14,,3.36,10.0,50.0,7.0843373493975905,16.0,3.0,0,0,0,39.0,0,0.0
273,Nikhil,Gupta,Male,A+,Single,1996-03-24,Bachelor,BTech / BCA,St Josephs Institute of Management,2019,7,4,Mid Level,Bangalore,Karnataka,India,Indian,2019-01-01,+91-9800000273,+91-9100000273,nikhil.gupta.273@company.com,1004,Finance,Corporate Finance,Financial Operations,Finance,Finance Operations,Finance Team,4,Team Lead,Payroll Lead,Permanent,Active,4250000.0,No,Yes,,,2026-05-13 05:19:14,2026-05-13 05:19:14,,3.34,10.0,49.18032786885246,6.650602409638554,11.0,3.0,0,0,0,31.0,0,0.0
274,Rahul,Mishra,Male,B+,Single,1996-04-25,Bachelor,BTech / BCA,Bangalore University,2019,7,4,Mid Level,Bangalore,Karnataka,India,Indian,2019-01-01,+91-9800000274,+91-9100000274,rahul.mishra.274@company.com,1004,Finance,Corporate Finance,Financial Operations,Finance,Finance Operations,Finance Team,4,Team Lead,Finance Lead,Permanent,Active,4300000.0,No,Yes,,,2026-05-13 05:19:14,2026-05-13 05:19:14,,3.76,15.0,46.72131147540984,6.506024096385542,15.0,4.0,0,0,0,38.0,0,0.0
275,Vikram,Shetty,Male,O+,Single,1996-05-26,Bachelor,BTech / BCA,PES University,2019,7,4,Mid Level,Bangalore,Karnataka,India,Indian,2019-01-01,+91-9800000275,+91-9100000275,vikram.shetty.275@company.com,1004,Marketing,Brand & Growth,Marketing Operations,Digital Marketing,Campaign Operations,Marketing Team,4,Team Lead,Marketing Lead,Permanent,Active,4350000.0,No,Yes,,,2026-05-13 05:19:14,2026-05-13 05:19:14,,3.45,10.0,41.80327868852459,6.216867469879518,12.0,1.0,0,0,0,30.0,0,0.0
276,Sanjay,Bose,Male,AB+,Single,1996-06-27,Bachelor,BTech / BCA,VTU Belagavi,2019,7,4,Mid Level,Bangalore,Karnataka,India,Indian,2019-01-01,+91-9800000276,+91-9100000276,sanjay.bose.276@company.com,1004,Marketing,Brand & Growth,Marketing Operations,Digital Marketing,Campaign Operations,Marketing Team,4,Team Lead,Digital Marketing Lead,Permanent,Active,4400000.0,No,Yes,,,2026-05-13 05:19:14,2026-05-13 05:19:14,,3.36,10.0,53.278688524590166,6.746987951807229,3.0,4.0,0,0,0,37.0,0,0.0
277,Ananya,Sharma,Female,A-,Single,1996-07-01,Bachelor,BTech / BCA,IIM Bangalore,2019,7,4,Mid Level,Bangalore,Karnataka,India,Indian,2019-01-01,+91-9800000277,+91-9100000277,ananya.sharma.277@company.com,1004,Sales,Revenue Operations,Sales Operations,Business Growth,Client Acquisition,Sales Team,4,Team Lead,Sales Lead,Permanent,Active,4200000.0,No,Yes,,,2026-05-13 05:19:14,2026-05-13 05:19:14,,3.67,15.0,45.08196721311475,6.506024096385542,14.0,5.0,0,0,0,29.0,0,0.0
278,Diya,Iyer,Female,B-,Single,1996-08-02,Bachelor,BTech / BCA,IIT Madras,2019,7,4,Mid Level,Bangalore,Karnataka,India,Indian,2019-01-01,+91-9800000278,+91-9100000278,diya.iyer.278@company.com,1004,Sales,Revenue Operations,Sales Operations,Business Growth,Client Acquisition,Sales Team,4,Team Lead,Regional Sales Lead,Permanent,Active,4250000.0,No,Yes,,,2026-05-13 05:19:14,2026-05-13 05:19:14,,3.54,15.0,45.90163934426229,6.698795180722891,17.0,8.0,0,0,0,36.0,0,0.0
279,Myra,Nair,Female,O-,Single,1996-09-03,Bachelor,BTech / BCA,Christ University,2019,7,4,Mid Level,Bangalore,Karnataka,India,Indian,2019-01-01,+91-9800000279,+91-9100000279,myra.nair.279@company.com,1004,Sales,Revenue Operations,Sales Operations,Business Growth,Client Acquisition,Sales Team,4,Team Lead,Business Development Lead,Permanent,Active,4300000.0,No,Yes,,,2026-05-13 05:19:14,2026-05-13 05:19:14,,3.6,15.0,43.44262295081967,6.024096385542169,20.0,5.0,0,0,0,28.0,0,0.0
280,Sara,Kapoor,Female,A+,Single,1996-10-04,Bachelor,BTech / BCA,Anna University,2019,7,4,Mid Level,Bangalore,Karnataka,India,Indian,2019-01-01,+91-9800000280,+91-9100000280,sara.kapoor.280@company.com,1004,Procurement,Vendor Management,Procurement Operations,Sourcing,Supplier Operations,Procurement Team,4,Team Lead,Procurement Lead,Permanent,Active,4350000.0,No,Yes,,,2026-05-13 05:19:14,2026-05-13 05:19:14,,3.52,15.0,43.44262295081967,6.746987951807229,18.0,4.0,0,0,0,35.0,0,0.0
281,Riya,Rao,Female,B+,Single,1996-11-05,Bachelor,BTech / BCA,Amrita University,2019,7,4,Mid Level,Bangalore,Karnataka,India,Indian,2019-01-01,+91-9800000281,+91-9100000281,riya.rao.281@company.com,1004,Governance,Risk & Compliance,Enterprise Governance,Compliance,Risk Operations,Governance Team,4,Team Lead,Compliance Lead,Permanent,Active,4400000.0,No,Yes,,,2026-05-13 05:19:14,2026-05-13 05:19:14,,3.21,10.0,51.63934426229508,6.9879518072289155,17.0,3.0,0,0,0,27.0,0,0.0
282,Priya,Singh,Female,O+,Single,1996-12-06,Bachelor,BTech / BCA,Delhi University,2019,7,4,Mid Level,Bangalore,Karnataka,India,Indian,2019-01-01,+91-9800000282,+91-9100000282,priya.singh.282@company.com,1004,Governance,Risk & Compliance,Enterprise Governance,Compliance,Risk Operations,Governance Team,4,Team Lead,Risk Management Lead,Permanent,Active,4200000.0,No,Yes,,,2026-05-13 05:19:14,2026-05-13 05:19:14,,3.43,10.0,42.62295081967213,6.554216867469879,20.0,8.0,0,0,0,34.0,0,0.0
283,Neha,Gupta,Female,AB+,Single,1996-01-07,Bachelor,BTech / BCA,St Josephs Institute of Management,2019,7,4,Mid Level,Bangalore,Karnataka,India,Indian,2019-01-01,+91-9800000283,+91-9100000283,neha.gupta.283@company.com,1004,Technology,Engineering,Enterprise Systems,Software Delivery,Application Development,Engineering Team,4,Team Lead,Innovation Lead,Permanent,Active,4250000.0,No,Yes,,,2026-05-13 05:19:14,2026-05-13 05:19:14,,3.2,10.0,49.18032786885246,6.554216867469879,12.0,6.0,0,0,0,41.0,0,0.0
284,Kavya,Mishra,Female,A-,Single,1996-02-08,Bachelor,BTech / BCA,Bangalore University,2019,7,4,Mid Level,Bangalore,Karnataka,India,Indian,2019-01-01,+91-9800000284,+91-9100000284,kavya.mishra.284@company.com,1004,Operations,Transport & Logistics,Supply Chain Operations,Logistics,Transport Operations,Logistics Team,4,Team Lead,Transport Operations Lead,Permanent,Active,4300000.0,No,Yes,,,2026-05-13 05:19:14,2026-05-13 05:19:14,,3.57,15.0,49.18032786885246,6.554216867469879,13.0,4.0,0,0,0,33.0,0,0.0
285,Meera,Shetty,Female,B-,Single,1996-03-09,Bachelor,BTech / BCA,PES University,2019,7,4,Mid Level,Bangalore,Karnataka,India,Indian,2019-01-01,+91-9800000285,+91-9100000285,meera.shetty.285@company.com,1004,Operations,Transport & Logistics,Supply Chain Operations,Logistics,Transport Operations,Logistics Team,4,Team Lead,Fleet Operations Lead,Permanent,Active,4350000.0,No,Yes,,,2026-05-13 05:19:14,2026-05-13 05:19:14,,3.65,15.0,49.18032786885246,6.506024096385542,15.0,2.0,0,0,0,40.0,0,0.0
286,Sneha,Bose,Female,O-,Single,1996-04-10,Bachelor,BTech / BCA,VTU Belagavi,2019,7,4,Mid Level,Bangalore,Karnataka,India,Indian,2019-01-01,+91-9800000286,+91-9100000286,sneha.bose.286@company.com,1004,Operations,Transport & Logistics,Supply Chain Operations,Logistics,Transport Operations,Logistics Team,4,Team Lead,Logistics Lead,Permanent,Active,4400000.0,No,Yes,,,2026-05-13 05:19:14,2026-05-13 05:19:14,,3.34,10.0,45.90163934426229,6.506024096385542,15.0,4.0,0,0,0,32.0,0,0.0
287,Aarav,Sharma,Male,A+,Single,1996-05-11,Bachelor,BTech / BCA,IIM Bangalore,2019,7,4,Mid Level,Bangalore,Karnataka,India,Indian,2019-01-01,+91-9800000287,+91-9100000287,aarav.sharma.287@company.com,1004,Operations,Transport & Logistics,Supply Chain Operations,Logistics,Transport Operations,Logistics Team,4,Team Lead,Supply Chain Lead,Permanent,Active,4200000.0,No,Yes,,,2026-05-13 05:19:14,2026-05-13 05:19:14,,3.46,10.0,44.26229508196721,6.9879518072289155,14.0,6.0,0,0,0,39.0,0,0.0
288,Vivaan,Iyer,Male,B+,Single,1996-06-12,Bachelor,BTech / BCA,IIT Madras,2019,7,4,Mid Level,Bangalore,Karnataka,India,Indian,2019-01-01,+91-9800000288,+91-9100000288,vivaan.iyer.288@company.com,1004,Operations,Transport & Logistics,Supply Chain Operations,Logistics,Transport Operations,Logistics Team,4,Team Lead,Warehouse Operations Lead,Permanent,Active,4250000.0,No,Yes,,,2026-05-13 05:19:14,2026-05-13 05:19:14,,3.69,15.0,47.540983606557376,6.265060240963855,20.0,2.0,0,0,0,31.0,0,0.0
289,Aditya,Nair,Male,O+,Single,1996-07-13,Bachelor,BTech / BCA,Christ University,2019,7,4,Mid Level,Bangalore,Karnataka,India,Indian,2019-01-01,+91-9800000289,+91-9100000289,aditya.nair.289@company.com,1004,Operations,Transport & Logistics,Supply Chain Operations,Logistics,Transport Operations,Logistics Team,4,Team Lead,Dispatch Lead,Permanent,Active,4300000.0,No,Yes,,,2026-05-13 05:19:14,2026-05-13 05:19:14,,3.61,15.0,45.90163934426229,6.650602409638554,18.0,2.0,0,0,0,38.0,0,0.0
290,Arjun,Kapoor,Male,AB+,Single,1996-08-14,Bachelor,BTech / BCA,Anna University,2019,7,4,Mid Level,Bangalore,Karnataka,India,Indian,2019-01-01,+91-9800000290,+91-9100000290,arjun.kapoor.290@company.com,1004,Delivery,Program Delivery,Project Management,Delivery Operations,PMO,Delivery Team,4,Team Lead,Delivery Operations Lead,Permanent,Active,4350000.0,No,Yes,,,2026-05-13 05:19:14,2026-05-13 05:19:14,,3.2,10.0,44.26229508196721,6.216867469879518,15.0,7.0,0,0,0,30.0,0,0.0
291,Rohan,Rao,Male,A-,Single,1996-09-15,Bachelor,BTech / BCA,Amrita University,2019,7,4,Mid Level,Bangalore,Karnataka,India,Indian,2019-01-01,+91-9800000291,+91-9100000291,rohan.rao.291@company.com,1004,Operations,Transport & Logistics,Supply Chain Operations,Logistics,Transport Operations,Logistics Team,4,Team Lead,Freight Operations Lead,Permanent,Active,4400000.0,No,Yes,,,2026-05-13 05:19:14,2026-05-13 05:19:14,,3.29,10.0,45.90163934426229,6.409638554216867,18.0,4.0,0,0,0,37.0,0,0.0
292,Karthik,Singh,Male,B-,Single,1996-10-16,Bachelor,BTech / BCA,Delhi University,2019,7,4,Mid Level,Bangalore,Karnataka,India,Indian,2019-01-01,+91-9800000292,+91-9100000292,karthik.singh.292@company.com,1004,Operations,Transport & Logistics,Supply Chain Operations,Logistics,Transport Operations,Logistics Team,4,Team Lead,Shipping Operations Lead,Permanent,Active,4200000.0,No,Yes,,,2026-05-13 05:19:14,2026-05-13 05:19:14,,3.41,10.0,45.08196721311475,6.265060240963855,7.0,8.0,0,0,0,29.0,0,0.0
293,Nikhil,Gupta,Male,O-,Single,1996-11-17,Bachelor,BTech / BCA,St Josephs Institute of Management,2019,7,4,Mid Level,Bangalore,Karnataka,India,Indian,2019-01-01,+91-9800000293,+91-9100000293,nikhil.gupta.293@company.com,1004,Operations,Transport & Logistics,Supply Chain Operations,Logistics,Transport Operations,Logistics Team,4,Team Lead,Mobility Operations Lead,Permanent,Active,4250000.0,No,Yes,,,2026-05-13 05:19:14,2026-05-13 05:19:14,,3.4,10.0,48.36065573770492,6.602409638554217,13.0,1.0,0,0,0,36.0,0,0.0
294,Rahul,Mishra,Male,A+,Single,1998-12-18,Bachelor,BTech / BCA,Bangalore University,2021,5,8,Mid Level,Bangalore,Karnataka,India,Indian,2021-01-01,+91-9800000294,+91-9100000294,rahul.mishra.294@company.com,1003,Technology,Engineering,Enterprise Systems,Software Delivery,Application Development,Engineering Team,3,Senior Associate,Senior Software Engineer,Permanent,Active,2700000.0,No,Yes,,,2026-05-13 05:19:14,2026-05-13 05:19:14,,3.31,10.0,50.0,6.795180722891566,14.0,8.0,0,0,0,28.0,0,0.0
295,Vikram,Shetty,Male,B+,Single,1998-01-19,Bachelor,BTech / BCA,PES University,2021,5,8,Mid Level,Bangalore,Karnataka,India,Indian,2021-01-01,+91-9800000295,+91-9100000295,vikram.shetty.295@company.com,1003,Technology,Engineering,Enterprise Systems,Software Delivery,Application Development,Engineering Team,3,Senior Associate,Senior Frontend Engineer,Permanent,Active,2750000.0,No,Yes,,,2026-05-13 05:19:14,2026-05-13 05:19:14,,3.12,10.0,45.90163934426229,6.506024096385542,16.0,3.0,0,0,0,35.0,0,0.0
296,Sanjay,Bose,Male,O+,Single,1998-02-20,Bachelor,BTech / BCA,VTU Belagavi,2021,5,8,Mid Level,Bangalore,Karnataka,India,Indian,2021-01-01,+91-9800000296,+91-9100000296,sanjay.bose.296@company.com,1003,Technology,Engineering,Enterprise Systems,Software Delivery,Application Development,Engineering Team,3,Senior Associate,Senior Backend Engineer,Permanent,Active,2800000.0,No,Yes,,,2026-05-13 05:19:14,2026-05-13 05:19:14,,3.21,10.0,46.72131147540984,6.409638554216867,14.0,6.0,0,0,0,27.0,0,0.0
297,Ananya,Sharma,Female,AB+,Single,1998-03-21,Bachelor,BTech / BCA,IIM Bangalore,2021,5,8,Mid Level,Bangalore,Karnataka,India,Indian,2021-01-01,+91-9800000297,+91-9100000297,ananya.sharma.297@company.com,1003,Technology,Engineering,Enterprise Systems,Software Delivery,Application Development,Engineering Team,3,Senior Associate,Senior Full Stack Engineer,Permanent,Active,2600000.0,No,Yes,,,2026-05-13 05:19:14,2026-05-13 05:19:14,,3.6,15.0,40.16393442622951,6.072289156626506,20.0,3.0,0,0,0,34.0,0,0.0
298,Diya,Iyer,Female,A-,Single,1998-04-22,Bachelor,BTech / BCA,IIT Madras,2021,5,8,Mid Level,Bangalore,Karnataka,India,Indian,2021-01-01,+91-9800000298,+91-9100000298,diya.iyer.298@company.com,1003,Technology,Data & AI,Analytics Platforms,Data Intelligence,AI & Analytics,Data Team,3,Senior Associate,Senior Mobile Application Developer,Permanent,Active,2650000.0,No,Yes,,,2026-05-13 05:19:14,2026-05-13 05:19:14,,3.38,10.0,45.08196721311475,6.409638554216867,12.0,1.0,0,0,0,41.0,0,0.0
299,Myra,Nair,Female,B-,Single,1998-05-23,Bachelor,BTech / BCA,Christ University,2021,5,8,Mid Level,Bangalore,Karnataka,India,Indian,2021-01-01,+91-9800000299,+91-9100000299,myra.nair.299@company.com,1003,Technology,Engineering,Enterprise Systems,Software Delivery,Application Development,Engineering Team,3,Senior Associate,Senior API Developer,Permanent,Active,2700000.0,No,Yes,,,2026-05-13 05:19:14,2026-05-13 05:19:14,,3.31,10.0,45.90163934426229,6.409638554216867,19.0,6.0,0,0,0,33.0,0,0.0
300,Sara,Kapoor,Female,O-,Single,1998-06-24,Bachelor,BTech / BCA,Anna University,2021,5,8,Mid Level,Bangalore,Karnataka,India,Indian,2021-01-01,+91-9800000300,+91-9100000300,sara.kapoor.300@company.com,1003,Technology,Engineering,Enterprise Systems,Software Delivery,Application Development,Engineering Team,3,Senior Associate,Senior Integration Engineer,Permanent,Active,2750000.0,No,Yes,,,2026-05-13 05:19:14,2026-05-13 05:19:14,,3.27,10.0,45.08196721311475,6.313253012048193,14.0,4.0,0,0,0,40.0,0,0.0
301,Riya,Rao,Female,A+,Single,1998-07-25,Bachelor,BTech / BCA,Amrita University,2021,5,8,Mid Level,Bangalore,Karnataka,India,Indian,2021-01-01,+91-9800000301,+91-9100000301,riya.rao.301@company.com,1003,Technology,Engineering,Enterprise Systems,Software Delivery,Application Development,Engineering Team,3,Senior Associate,Senior Solution Engineer,Permanent,Active,2800000.0,No,Yes,,,2026-05-13 05:19:14,2026-05-13 05:19:14,,3.47,10.0,43.44262295081967,6.457831325301205,15.0,5.0,0,0,0,32.0,0,0.0
302,Priya,Singh,Female,B+,Single,1998-08-26,Bachelor,BTech / BCA,Delhi University,2021,5,8,Mid Level,Bangalore,Karnataka,India,Indian,2021-01-01,+91-9800000302,+91-9100000302,priya.singh.302@company.com,1003,Operations,Transport & Logistics,Supply Chain Operations,Logistics,Transport Operations,Logistics Team,3,Senior Associate,Senior Application Support Engineer,Permanent,Active,2600000.0,No,Yes,,,2026-05-13 05:19:14,2026-05-13 05:19:14,,3.33,10.0,48.36065573770492,6.843373493975903,19.0,6.0,0,0,0,39.0,0,0.0
303,Neha,Gupta,Female,O+,Single,1998-09-27,Bachelor,BTech / BCA,St Josephs Institute of Management,2021,5,8,Mid Level,Bangalore,Karnataka,India,Indian,2021-01-01,+91-9800000303,+91-9100000303,neha.gupta.303@company.com,1003,Technology,Data & AI,Analytics Platforms,Data Intelligence,AI & Analytics,Data Team,3,Senior Associate,Senior Data Engineer,Permanent,Active,2650000.0,No,Yes,,,2026-05-13 05:19:14,2026-05-13 05:19:14,,3.35,10.0,47.540983606557376,6.602409638554217,8.0,8.0,0,0,0,31.0,0,0.0
304,Kavya,Mishra,Female,AB+,Single,1998-10-01,Bachelor,BTech / BCA,Bangalore University,2021,5,8,Mid Level,Bangalore,Karnataka,India,Indian,2021-01-01,+91-9800000304,+91-9100000304,kavya.mishra.304@company.com,1003,Technology,Data & AI,Analytics Platforms,Data Intelligence,AI & Analytics,Data Team,3,Senior Associate,Senior Data Analyst,Permanent,Active,2700000.0,No,Yes,,,2026-05-13 05:19:14,2026-05-13 05:19:14,,3.29,10.0,49.18032786885246,6.795180722891566,23.0,1.0,0,0,0,38.0,0,0.0
305,Meera,Shetty,Female,A-,Single,1998-11-02,Bachelor,BTech / BCA,PES University,2021,5,8,Mid Level,Bangalore,Karnataka,India,Indian,2021-01-01,+91-9800000305,+91-9100000305,meera.shetty.305@company.com,1003,Technology,Engineering,Enterprise Systems,Software Delivery,Application Development,Engineering Team,3,Senior Associate,Senior Business Analyst,Permanent,Active,2750000.0,No,Yes,,,2026-05-13 05:19:14,2026-05-13 05:19:14,,3.41,10.0,41.80327868852459,6.313253012048193,12.0,4.0,0,0,0,30.0,0,0.0
306,Sneha,Bose,Female,B-,Single,1998-12-03,Bachelor,BTech / BCA,VTU Belagavi,2021,5,8,Mid Level,Bangalore,Karnataka,India,Indian,2021-01-01,+91-9800000306,+91-9100000306,sneha.bose.306@company.com,1003,Product,Product Management,Product Strategy,Product Delivery,Product Operations,Product Team,3,Senior Associate,Senior Product Analyst,Permanent,Active,2800000.0,No,Yes,,,2026-05-13 05:19:14,2026-05-13 05:19:14,,3.47,10.0,48.36065573770492,6.650602409638554,13.0,2.0,0,0,0,37.0,0,0.0
307,Aarav,Sharma,Male,O-,Single,1998-01-04,Bachelor,BTech / BCA,IIM Bangalore,2021,5,8,Mid Level,Bangalore,Karnataka,India,Indian,2021-01-01,+91-9800000307,+91-9100000307,aarav.sharma.307@company.com,1003,Technology,Data & AI,Analytics Platforms,Data Intelligence,AI & Analytics,Data Team,3,Senior Associate,Senior BI Developer,Permanent,Active,2600000.0,No,Yes,,,2026-05-13 05:19:14,2026-05-13 05:19:14,,3.21,10.0,43.44262295081967,5.927710843373494,12.0,3.0,0,0,0,29.0,0,0.0
308,Vivaan,Iyer,Male,A+,Single,1998-02-05,Bachelor,BTech / BCA,IIT Madras,2021,5,8,Mid Level,Bangalore,Karnataka,India,Indian,2021-01-01,+91-9800000308,+91-9100000308,vivaan.iyer.308@company.com,1003,Operations,Transport & Logistics,Supply Chain Operations,Logistics,Transport Operations,Logistics Team,3,Senior Associate,Senior Reporting Analyst,Permanent,Active,2650000.0,No,Yes,,,2026-05-13 05:19:14,2026-05-13 05:19:14,,3.58,15.0,45.90163934426229,6.216867469879518,15.0,2.0,0,0,0,36.0,0,0.0
309,Aditya,Nair,Male,B+,Single,1998-03-06,Bachelor,BTech / BCA,Christ University,2021,5,8,Mid Level,Bangalore,Karnataka,India,Indian,2021-01-01,+91-9800000309,+91-9100000309,aditya.nair.309@company.com,1003,Technology,Data & AI,Analytics Platforms,Data Intelligence,AI & Analytics,Data Team,3,Senior Associate,Senior AI/ML Engineer,Permanent,Active,2700000.0,No,Yes,,,2026-05-13 05:19:14,2026-05-13 05:19:14,,3.21,10.0,48.36065573770492,6.746987951807229,14.0,4.0,0,0,0,28.0,0,0.0
310,Arjun,Kapoor,Male,O+,Single,1998-04-07,Bachelor,BTech / BCA,Anna University,2021,5,8,Mid Level,Bangalore,Karnataka,India,Indian,2021-01-01,+91-9800000310,+91-9100000310,arjun.kapoor.310@company.com,1003,Technology,Data & AI,Analytics Platforms,Data Intelligence,AI & Analytics,Data Team,3,Senior Associate,Senior MLOps Engineer,Permanent,Active,2750000.0,No,Yes,,,2026-05-13 05:19:14,2026-05-13 05:19:14,,3.53,15.0,45.90163934426229,6.216867469879518,12.0,4.0,0,0,0,35.0,0,0.0
311,Rohan,Rao,Male,AB+,Single,1998-05-08,Bachelor,BTech / BCA,Amrita University,2021,5,8,Mid Level,Bangalore,Karnataka,India,Indian,2021-01-01,+91-9800000311,+91-9100000311,rohan.rao.311@company.com,1003,Technology,Data & AI,Analytics Platforms,Data Intelligence,AI & Analytics,Data Team,3,Senior Associate,Senior GenAI Engineer,Permanent,Active,2800000.0,No,Yes,,,2026-05-13 05:19:14,2026-05-13 05:19:14,,3.26,10.0,52.459016393442624,6.795180722891566,14.0,3.0,0,0,0,27.0,0,0.0
312,Karthik,Singh,Male,A-,Single,1998-06-09,Bachelor,BTech / BCA,Delhi University,2021,5,8,Mid Level,Bangalore,Karnataka,India,Indian,2021-01-01,+91-9800000312,+91-9100000312,karthik.singh.312@company.com,1003,Technology,Engineering,Enterprise Systems,Software Delivery,Application Development,Engineering Team,3,Senior Associate,Senior RPA Developer,Permanent,Active,2600000.0,No,Yes,,,2026-05-13 05:19:14,2026-05-13 05:19:14,,3.19,10.0,49.18032786885246,6.891566265060241,16.0,4.0,0,0,0,34.0,0,0.0
313,Nikhil,Gupta,Male,B-,Single,1998-07-10,Bachelor,BTech / BCA,St Josephs Institute of Management,2021,5,8,Mid Level,Bangalore,Karnataka,India,Indian,2021-01-01,+91-9800000313,+91-9100000313,nikhil.gupta.313@company.com,1003,Technology,Infrastructure & Platform,Cloud & Platform Operations,Enterprise Infrastructure,Platform Services,Infrastructure Team,3,Senior Associate,Senior DevOps Engineer,Permanent,Active,2650000.0,No,Yes,,,2026-05-13 05:19:14,2026-05-13 05:19:14,,3.42,10.0,52.459016393442624,7.27710843373494,14.0,4.0,0,0,0,41.0,0,0.0
314,Rahul,Mishra,Male,O-,Single,1998-08-11,Bachelor,BTech / BCA,Bangalore University,2021,5,8,Mid Level,Bangalore,Karnataka,India,Indian,2021-01-01,+91-9800000314,+91-9100000314,rahul.mishra.314@company.com,1003,Technology,Infrastructure & Platform,Cloud & Platform Operations,Enterprise Infrastructure,Platform Services,Infrastructure Team,3,Senior Associate,Senior Cloud Engineer,Permanent,Active,2700000.0,No,Yes,,,2026-05-13 05:19:14,2026-05-13 05:19:14,,3.24,10.0,49.18032786885246,6.602409638554217,17.0,8.0,0,0,0,33.0,0,0.0
315,Vikram,Shetty,Male,A+,Single,1998-09-12,Bachelor,BTech / BCA,PES University,2021,5,8,Mid Level,Bangalore,Karnataka,India,Indian,2021-01-01,+91-9800000315,+91-9100000315,vikram.shetty.315@company.com,1003,Technology,Infrastructure & Platform,Cloud & Platform Operations,Enterprise Infrastructure,Platform Services,Infrastructure Team,3,Senior Associate,Senior Platform Engineer,Permanent,Active,2750000.0,No,Yes,,,2026-05-13 05:19:14,2026-05-13 05:19:14,,3.15,10.0,45.90163934426229,6.602409638554217,10.0,0.0,0,0,0,40.0,0,0.0
316,Sanjay,Bose,Male,B+,Single,1998-10-13,Bachelor,BTech / BCA,VTU Belagavi,2021,5,8,Mid Level,Bangalore,Karnataka,India,Indian,2021-01-01,+91-9800000316,+91-9100000316,sanjay.bose.316@company.com,1003,Technology,Infrastructure & Platform,Cloud & Platform Operations,Enterprise Infrastructure,Platform Services,Infrastructure Team,3,Senior Associate,Senior Infrastructure Engineer,Permanent,Active,2800000.0,No,Yes,,,2026-05-13 05:19:14,2026-05-13 05:19:14,,3.31,10.0,53.278688524590166,6.9397590361445785,10.0,7.0,0,0,0,32.0,0,0.0
317,Ananya,Sharma,Female,O+,Single,1998-11-14,Bachelor,BTech / BCA,IIM Bangalore,2021,5,8,Mid Level,Bangalore,Karnataka,India,Indian,2021-01-01,+91-9800000317,+91-9100000317,ananya.sharma.317@company.com,1003,Technology,Data & AI,Analytics Platforms,Data Intelligence,AI & Analytics,Data Team,3,Senior Associate,Senior Site Reliability Engineer,Permanent,Active,2600000.0,No,Yes,,,2026-05-13 05:19:14,2026-05-13 05:19:14,,3.26,10.0,44.26229508196721,6.602409638554217,12.0,2.0,0,0,0,39.0,0,0.0
318,Diya,Iyer,Female,AB+,Single,1998-12-15,Bachelor,BTech / BCA,IIT Madras,2021,5,8,Mid Level,Bangalore,Karnataka,India,Indian,2021-01-01,+91-9800000318,+91-9100000318,diya.iyer.318@company.com,1003,Technology,Quality Engineering,Testing Services,QA Delivery,Test Automation,QA Team,3,Senior Associate,Senior QA Engineer,Permanent,Active,2650000.0,No,Yes,,,2026-05-13 05:19:14,2026-05-13 05:19:14,,3.2,10.0,50.81967213114754,6.9879518072289155,9.0,7.0,0,0,0,31.0,0,0.0
319,Myra,Nair,Female,A-,Single,1998-01-16,Bachelor,BTech / BCA,Christ University,2021,5,8,Mid Level,Bangalore,Karnataka,India,Indian,2021-01-01,+91-9800000319,+91-9100000319,myra.nair.319@company.com,1003,Technology,Quality Engineering,Testing Services,QA Delivery,Test Automation,QA Team,3,Senior Associate,Senior Automation Test Engineer,Permanent,Active,2700000.0,No,Yes,,,2026-05-13 05:19:14,2026-05-13 05:19:14,,3.3,10.0,49.18032786885246,6.891566265060241,18.0,4.0,0,0,0,38.0,0,0.0
320,Sara,Kapoor,Female,B-,Single,1998-02-17,Bachelor,BTech / BCA,Anna University,2021,5,8,Mid Level,Bangalore,Karnataka,India,Indian,2021-01-01,+91-9800000320,+91-9100000320,sara.kapoor.320@company.com,1003,Technology,Quality Engineering,Testing Services,QA Delivery,Test Automation,QA Team,3,Senior Associate,Senior Manual Test Engineer,Permanent,Active,2750000.0,No,Yes,,,2026-05-13 05:19:14,2026-05-13 05:19:14,,3.44,10.0,48.36065573770492,6.602409638554217,6.0,4.0,0,0,0,30.0,0,0.0
321,Riya,Rao,Female,O-,Single,1998-03-18,Bachelor,BTech / BCA,Amrita University,2021,5,8,Mid Level,Bangalore,Karnataka,India,Indian,2021-01-01,+91-9800000321,+91-9100000321,riya.rao.321@company.com,1003,Technology,Quality Engineering,Testing Services,QA Delivery,Test Automation,QA Team,3,Senior Associate,Senior Performance Test Engineer,Permanent,Active,2800000.0,No,Yes,,,2026-05-13 05:19:14,2026-05-13 05:19:14,,3.23,10.0,52.459016393442624,6.891566265060241,18.0,3.0,0,0,0,37.0,0,0.0
322,Priya,Singh,Female,A+,Single,1998-04-19,Bachelor,BTech / BCA,Delhi University,2021,5,8,Mid Level,Bangalore,Karnataka,India,Indian,2021-01-01,+91-9800000322,+91-9100000322,priya.singh.322@company.com,1003,Technology,Information Security,Cyber Security Operations,Security Governance,Security Operations,Security Team,3,Senior Associate,Senior Security Test Engineer,Permanent,Active,2600000.0,No,Yes,,,2026-05-13 05:19:14,2026-05-13 05:19:14,,3.35,10.0,49.18032786885246,6.9879518072289155,16.0,3.0,0,0,0,29.0,0,0.0
323,Neha,Gupta,Female,B+,Single,1998-05-20,Bachelor,BTech / BCA,St Josephs Institute of Management,2021,5,8,Mid Level,Bangalore,Karnataka,India,Indian,2021-01-01,+91-9800000323,+91-9100000323,neha.gupta.323@company.com,1003,Technology,Information Security,Cyber Security Operations,Security Governance,Security Operations,Security Team,3,Senior Associate,Senior Cyber Security Analyst,Permanent,Active,2650000.0,No,Yes,,,2026-05-13 05:19:14,2026-05-13 05:19:14,,3.22,10.0,43.44262295081967,6.265060240963855,17.0,4.0,0,0,0,36.0,0,0.0
324,Kavya,Mishra,Female,O+,Single,1998-06-21,Bachelor,BTech / BCA,Bangalore University,2021,5,8,Mid Level,Bangalore,Karnataka,India,Indian,2021-01-01,+91-9800000324,+91-9100000324,kavya.mishra.324@company.com,1003,Technology,Information Security,Cyber Security Operations,Security Governance,Security Operations,Security Team,3,Senior Associate,Senior SOC Analyst,Permanent,Active,2700000.0,No,Yes,,,2026-05-13 05:19:14,2026-05-13 05:19:14,,3.36,10.0,45.90163934426229,6.457831325301205,15.0,5.0,0,0,0,28.0,0,0.0
325,Meera,Shetty,Female,AB+,Single,1998-07-22,Bachelor,BTech / BCA,PES University,2021,5,8,Mid Level,Bangalore,Karnataka,India,Indian,2021-01-01,+91-9800000325,+91-9100000325,meera.shetty.325@company.com,1003,Technology,Information Security,Cyber Security Operations,Security Governance,Security Operations,Security Team,3,Senior Associate,Senior Information Security Analyst,Permanent,Active,2750000.0,No,Yes,,,2026-05-13 05:19:14,2026-05-13 05:19:14,,3.32,10.0,50.81967213114754,6.650602409638554,17.0,6.0,0,0,0,35.0,0,0.0
326,Sneha,Bose,Female,A-,Single,1998-08-23,Bachelor,BTech / BCA,VTU Belagavi,2021,5,8,Mid Level,Bangalore,Karnataka,India,Indian,2021-01-01,+91-9800000326,+91-9100000326,sneha.bose.326@company.com,1003,Technology,Information Security,Cyber Security Operations,Security Governance,Security Operations,Security Team,3,Senior Associate,Senior IAM Analyst,Permanent,Active,2800000.0,No,Yes,,,2026-05-13 05:19:14,2026-05-13 05:19:14,,3.22,10.0,43.44262295081967,6.36144578313253,16.0,5.0,0,0,0,27.0,0,0.0
327,Aarav,Sharma,Male,B-,Single,1998-09-24,Bachelor,BTech / BCA,IIM Bangalore,2021,5,8,Mid Level,Bangalore,Karnataka,India,Indian,2021-01-01,+91-9800000327,+91-9100000327,aarav.sharma.327@company.com,1003,Technology,Information Security,Cyber Security Operations,Security Governance,Security Operations,Security Team,3,Senior Associate,Senior GRC Analyst,Permanent,Active,2600000.0,No,Yes,,,2026-05-13 05:19:14,2026-05-13 05:19:14,,3.27,10.0,50.81967213114754,6.746987951807229,16.0,7.0,0,0,0,34.0,0,0.0
328,Vivaan,Iyer,Male,O-,Single,1998-10-25,Bachelor,BTech / BCA,IIT Madras,2021,5,8,Mid Level,Bangalore,Karnataka,India,Indian,2021-01-01,+91-9800000328,+91-9100000328,vivaan.iyer.328@company.com,1003,Technology,Information Security,Cyber Security Operations,Security Governance,Security Operations,Security Team,3,Senior Associate,Senior Network Security Engineer,Permanent,Active,2650000.0,No,Yes,,,2026-05-13 05:19:14,2026-05-13 05:19:14,,3.22,10.0,47.540983606557376,6.602409638554217,12.0,3.0,0,0,0,41.0,0,0.0
329,Aditya,Nair,Male,A+,Single,1998-11-26,Bachelor,BTech / BCA,Christ University,2021,5,8,Mid Level,Bangalore,Karnataka,India,Indian,2021-01-01,+91-9800000329,+91-9100000329,aditya.nair.329@company.com,1003,Technology,Information Security,Cyber Security Operations,Security Governance,Security Operations,Security Team,3,Senior Associate,Senior Cloud Security Engineer,Permanent,Active,2700000.0,No,Yes,,,2026-05-13 05:19:14,2026-05-13 05:19:14,,3.19,10.0,40.98360655737705,6.216867469879518,15.0,4.0,0,0,0,33.0,0,0.0
330,Arjun,Kapoor,Male,B+,Single,1998-12-27,Bachelor,BTech / BCA,Anna University,2021,5,8,Mid Level,Bangalore,Karnataka,India,Indian,2021-01-01,+91-9800000330,+91-9100000330,arjun.kapoor.330@company.com,1003,Technology,Information Security,Cyber Security Operations,Security Governance,Security Operations,Security Team,3,Senior Associate,Senior Application Security Engineer,Permanent,Active,2750000.0,No,Yes,,,2026-05-13 05:19:14,2026-05-13 05:19:14,,3.22,10.0,50.81967213114754,6.698795180722891,13.0,4.0,0,0,0,40.0,0,0.0
331,Rohan,Rao,Male,O+,Single,1998-01-01,Bachelor,BTech / BCA,Amrita University,2021,5,8,Mid Level,Bangalore,Karnataka,India,Indian,2021-01-01,+91-9800000331,+91-9100000331,rohan.rao.331@company.com,1003,Technology,Data & AI,Analytics Platforms,Data Intelligence,AI & Analytics,Data Team,3,Senior Associate,Senior Database Administrator,Permanent,Active,2800000.0,No,Yes,,,2026-05-13 05:19:14,2026-05-13 05:19:14,,3.53,15.0,46.72131147540984,6.313253012048193,21.0,6.0,0,0,0,32.0,0,0.0
332,Karthik,Singh,Male,AB+,Single,1998-02-02,Bachelor,BTech / BCA,Delhi University,2021,5,8,Mid Level,Bangalore,Karnataka,India,Indian,2021-01-01,+91-9800000332,+91-9100000332,karthik.singh.332@company.com,1003,Technology,Infrastructure & Platform,Cloud & Platform Operations,Enterprise Infrastructure,Platform Services,Infrastructure Team,3,Senior Associate,Senior System Administrator,Permanent,Active,2600000.0,No,Yes,,,2026-05-13 05:19:14,2026-05-13 05:19:14,,3.28,10.0,51.63934426229508,6.795180722891566,12.0,6.0,0,0,0,39.0,0,0.0
333,Nikhil,Gupta,Male,A-,Single,1998-03-03,Bachelor,BTech / BCA,St Josephs Institute of Management,2021,5,8,Mid Level,Bangalore,Karnataka,India,Indian,2021-01-01,+91-9800000333,+91-9100000333,nikhil.gupta.333@company.com,1003,Technology,Infrastructure & Platform,Cloud & Platform Operations,Enterprise Infrastructure,Platform Services,Infrastructure Team,3,Senior Associate,Senior Linux Administrator,Permanent,Active,2650000.0,No,Yes,,,2026-05-13 05:19:14,2026-05-13 05:19:14,,3.24,10.0,44.26229508196721,6.36144578313253,15.0,5.0,0,0,0,31.0,0,0.0
334,Rahul,Mishra,Male,B-,Single,1998-04-04,Bachelor,BTech / BCA,Bangalore University,2021,5,8,Mid Level,Bangalore,Karnataka,India,Indian,2021-01-01,+91-9800000334,+91-9100000334,rahul.mishra.334@company.com,1003,Technology,Infrastructure & Platform,Cloud & Platform Operations,Enterprise Infrastructure,Platform Services,Infrastructure Team,3,Senior Associate,Senior Windows Administrator,Permanent,Active,2700000.0,No,Yes,,,2026-05-13 05:19:14,2026-05-13 05:19:14,,3.53,15.0,52.459016393442624,7.228915662650603,12.0,5.0,0,0,0,38.0,0,0.0
335,Vikram,Shetty,Male,O-,Single,1998-05-05,Bachelor,BTech / BCA,PES University,2021,5,8,Mid Level,Bangalore,Karnataka,India,Indian,2021-01-01,+91-9800000335,+91-9100000335,vikram.shetty.335@company.com,1003,Technology,Infrastructure & Platform,Cloud & Platform Operations,Enterprise Infrastructure,Platform Services,Infrastructure Team,3,Senior Associate,Senior Network Engineer,Permanent,Active,2750000.0,No,Yes,,,2026-05-13 05:19:14,2026-05-13 05:19:14,,3.6,15.0,44.26229508196721,6.650602409638554,10.0,3.0,0,0,0,30.0,0,0.0
336,Sanjay,Bose,Male,A+,Single,1998-06-06,Bachelor,BTech / BCA,VTU Belagavi,2021,5,8,Mid Level,Bangalore,Karnataka,India,Indian,2021-01-01,+91-9800000336,+91-9100000336,sanjay.bose.336@company.com,1003,Operations,Transport & Logistics,Supply Chain Operations,Logistics,Transport Operations,Logistics Team,3,Senior Associate,Senior IT Support Engineer,Permanent,Active,2800000.0,No,Yes,,,2026-05-13 05:19:14,2026-05-13 05:19:14,,3.5,15.0,50.0,6.795180722891566,12.0,6.0,0,0,0,37.0,0,0.0
337,Ananya,Sharma,Female,B+,Single,1998-07-07,Bachelor,BTech / BCA,IIM Bangalore,2021,5,8,Mid Level,Bangalore,Karnataka,India,Indian,2021-01-01,+91-9800000337,+91-9100000337,ananya.sharma.337@company.com,1003,Operations,Transport & Logistics,Supply Chain Operations,Logistics,Transport Operations,Logistics Team,3,Senior Associate,Senior Technical Support Engineer,Permanent,Active,2600000.0,No,Yes,,,2026-05-13 05:19:14,2026-05-13 05:19:14,,3.31,10.0,48.36065573770492,6.843373493975903,13.0,4.0,0,0,0,29.0,0,0.0
338,Diya,Iyer,Female,O+,Single,1998-08-08,Bachelor,BTech / BCA,IIT Madras,2021,5,8,Mid Level,Bangalore,Karnataka,India,Indian,2021-01-01,+91-9800000338,+91-9100000338,diya.iyer.338@company.com,1003,Technology,Engineering,Enterprise Systems,Software Delivery,Application Development,Engineering Team,3,Senior Associate,Senior Service Desk Analyst,Permanent,Active,2650000.0,No,Yes,,,2026-05-13 05:19:14,2026-05-13 05:19:14,,3.26,10.0,48.36065573770492,6.554216867469879,24.0,6.0,0,0,0,36.0,0,0.0
339,Myra,Nair,Female,AB+,Single,1998-09-09,Bachelor,BTech / BCA,Christ University,2021,5,8,Mid Level,Bangalore,Karnataka,India,Indian,2021-01-01,+91-9800000339,+91-9100000339,myra.nair.339@company.com,1003,Delivery,Program Delivery,Project Management,Delivery Operations,PMO,Delivery Team,3,Senior Associate,Senior PMO Analyst,Permanent,Active,2700000.0,No,Yes,,,2026-05-13 05:19:14,2026-05-13 05:19:14,,3.45,10.0,46.72131147540984,6.216867469879518,25.0,1.0,0,0,0,28.0,0,0.0
340,Sara,Kapoor,Female,A-,Single,1998-10-10,Bachelor,BTech / BCA,Anna University,2021,5,8,Mid Level,Bangalore,Karnataka,India,Indian,2021-01-01,+91-9800000340,+91-9100000340,sara.kapoor.340@company.com,1003,Technology,Engineering,Enterprise Systems,Software Delivery,Application Development,Engineering Team,3,Senior Associate,Senior Technical Consultant,Permanent,Active,2750000.0,No,Yes,,,2026-05-13 05:19:14,2026-05-13 05:19:14,,3.34,10.0,47.540983606557376,6.457831325301205,12.0,7.0,0,0,0,35.0,0,0.0
341,Riya,Rao,Female,B-,Single,1998-11-11,Bachelor,BTech / BCA,Amrita University,2021,5,8,Mid Level,Bangalore,Karnataka,India,Indian,2021-01-01,+91-9800000341,+91-9100000341,riya.rao.341@company.com,1003,Technology,Engineering,Enterprise Systems,Software Delivery,Application Development,Engineering Team,3,Senior Associate,Senior Functional Consultant,Permanent,Active,2800000.0,No,Yes,,,2026-05-13 05:19:14,2026-05-13 05:19:14,,3.35,10.0,44.26229508196721,6.168674698795181,12.0,6.0,0,0,0,27.0,0,0.0
342,Priya,Singh,Female,O-,Single,1998-12-12,Bachelor,BTech / BCA,Delhi University,2021,5,8,Mid Level,Bangalore,Karnataka,India,Indian,2021-01-01,+91-9800000342,+91-9100000342,priya.singh.342@company.com,1003,Delivery,Program Delivery,Project Management,Delivery Operations,PMO,Delivery Team,3,Senior Associate,Senior Delivery Analyst,Permanent,Active,2600000.0,No,Yes,,,2026-05-13 05:19:14,2026-05-13 05:19:14,,3.4,10.0,44.26229508196721,6.795180722891566,18.0,5.0,0,0,0,34.0,0,0.0
343,Neha,Gupta,Female,A+,Single,1998-01-13,Bachelor,BTech / BCA,St Josephs Institute of Management,2021,5,8,Mid Level,Bangalore,Karnataka,India,Indian,2021-01-01,+91-9800000343,+91-9100000343,neha.gupta.343@company.com,1003,Technology,Engineering,Enterprise Systems,Software Delivery,Application Development,Engineering Team,3,Senior Associate,Senior Operations Analyst,Permanent,Active,2650000.0,No,Yes,,,2026-05-13 05:19:14,2026-05-13 05:19:14,,3.02,10.0,48.36065573770492,6.650602409638554,16.0,5.0,0,0,0,41.0,0,0.0
344,Kavya,Mishra,Female,B+,Single,1998-02-14,Bachelor,BTech / BCA,Bangalore University,2021,5,8,Mid Level,Bangalore,Karnataka,India,Indian,2021-01-01,+91-9800000344,+91-9100000344,kavya.mishra.344@company.com,1003,Technology,Engineering,Enterprise Systems,Software Delivery,Application Development,Engineering Team,3,Senior Associate,Senior Customer Success Specialist,Permanent,Active,2700000.0,No,Yes,,,2026-05-13 05:19:14,2026-05-13 05:19:14,,3.09,10.0,57.377049180327866,7.662650602409639,10.0,2.0,0,0,0,33.0,0,0.0
345,Meera,Shetty,Female,O+,Single,1998-03-15,Bachelor,BTech / BCA,PES University,2021,5,8,Mid Level,Bangalore,Karnataka,India,Indian,2021-01-01,+91-9800000345,+91-9100000345,meera.shetty.345@company.com,1003,Technology,Engineering,Enterprise Systems,Software Delivery,Application Development,Engineering Team,3,Senior Associate,Senior Client Relationship Executive,Permanent,Active,2750000.0,No,Yes,,,2026-05-13 05:19:14,2026-05-13 05:19:14,,3.22,10.0,42.62295081967213,5.686746987951807,13.0,5.0,0,0,0,40.0,0,0.0
346,Sneha,Bose,Female,AB+,Single,1998-04-16,Bachelor,BTech / BCA,VTU Belagavi,2021,5,8,Mid Level,Bangalore,Karnataka,India,Indian,2021-01-01,+91-9800000346,+91-9100000346,sneha.bose.346@company.com,1003,Human Resources,People Operations,Workforce Management,HR Operations,People Services,HR Team,3,Senior Associate,Senior HR Executive,Permanent,Active,2800000.0,No,Yes,,,2026-05-13 05:19:14,2026-05-13 05:19:14,,3.06,10.0,45.08196721311475,6.554216867469879,15.0,1.0,0,0,0,32.0,0,0.0
347,Aarav,Sharma,Male,A-,Single,1998-05-17,Bachelor,BTech / BCA,IIM Bangalore,2021,5,8,Mid Level,Bangalore,Karnataka,India,Indian,2021-01-01,+91-9800000347,+91-9100000347,aarav.sharma.347@company.com,1003,Human Resources,People Operations,Workforce Management,HR Operations,People Services,HR Team,3,Senior Associate,Senior Talent Acquisition Specialist,Permanent,Active,2600000.0,No,Yes,,,2026-05-13 05:19:14,2026-05-13 05:19:14,,3.42,10.0,47.540983606557376,6.9879518072289155,24.0,5.0,0,0,0,39.0,0,0.0
348,Vivaan,Iyer,Male,B-,Single,1998-06-18,Bachelor,BTech / BCA,IIT Madras,2021,5,8,Mid Level,Bangalore,Karnataka,India,Indian,2021-01-01,+91-9800000348,+91-9100000348,vivaan.iyer.348@company.com,1003,Finance,Corporate Finance,Financial Operations,Finance,Finance Operations,Finance Team,3,Senior Associate,Senior Payroll Executive,Permanent,Active,2650000.0,No,Yes,,,2026-05-13 05:19:14,2026-05-13 05:19:14,,3.1,10.0,49.18032786885246,6.843373493975903,12.0,7.0,0,0,0,31.0,0,0.0
349,Aditya,Nair,Male,O-,Single,1998-07-19,Bachelor,BTech / BCA,Christ University,2021,5,8,Mid Level,Bangalore,Karnataka,India,Indian,2021-01-01,+91-9800000349,+91-9100000349,aditya.nair.349@company.com,1003,Finance,Corporate Finance,Financial Operations,Finance,Finance Operations,Finance Team,3,Senior Associate,Senior Finance Executive,Permanent,Active,2700000.0,No,Yes,,,2026-05-13 05:19:14,2026-05-13 05:19:14,,3.4,10.0,50.0,6.843373493975903,10.0,10.0,0,0,0,38.0,0,0.0
350,Arjun,Kapoor,Male,A+,Single,1998-08-20,Bachelor,BTech / BCA,Anna University,2021,5,8,Mid Level,Bangalore,Karnataka,India,Indian,2021-01-01,+91-9800000350,+91-9100000350,arjun.kapoor.350@company.com,1003,Finance,Corporate Finance,Financial Operations,Finance,Finance Operations,Finance Team,3,Senior Associate,Senior Accountant,Permanent,Active,2750000.0,No,Yes,,,2026-05-13 05:19:14,2026-05-13 05:19:14,,3.54,15.0,51.63934426229508,6.795180722891566,13.0,5.0,0,0,0,30.0,0,0.0
351,Rohan,Rao,Male,B+,Single,1998-09-21,Bachelor,BTech / BCA,Amrita University,2021,5,8,Mid Level,Bangalore,Karnataka,India,Indian,2021-01-01,+91-9800000351,+91-9100000351,rohan.rao.351@company.com,1003,Procurement,Vendor Management,Procurement Operations,Sourcing,Supplier Operations,Procurement Team,3,Senior Associate,Senior Procurement Executive,Permanent,Active,2800000.0,No,Yes,,,2026-05-13 05:19:14,2026-05-13 05:19:14,,3.35,10.0,53.278688524590166,6.698795180722891,19.0,6.0,0,0,0,37.0,0,0.0
352,Karthik,Singh,Male,O+,Single,1998-10-22,Bachelor,BTech / BCA,Delhi University,2021,5,8,Mid Level,Bangalore,Karnataka,India,Indian,2021-01-01,+91-9800000352,+91-9100000352,karthik.singh.352@company.com,1003,Governance,Risk & Compliance,Enterprise Governance,Compliance,Risk Operations,Governance Team,3,Senior Associate,Senior Compliance Analyst,Permanent,Active,2600000.0,No,Yes,,,2026-05-13 05:19:14,2026-05-13 05:19:14,,3.41,10.0,50.81967213114754,6.891566265060241,12.0,2.0,0,0,0,29.0,0,0.0
353,Nikhil,Gupta,Male,AB+,Single,1998-11-23,Bachelor,BTech / BCA,St Josephs Institute of Management,2021,5,8,Mid Level,Bangalore,Karnataka,India,Indian,2021-01-01,+91-9800000353,+91-9100000353,nikhil.gupta.353@company.com,1003,Governance,Risk & Compliance,Enterprise Governance,Compliance,Risk Operations,Governance Team,3,Senior Associate,Senior Risk Analyst,Permanent,Active,2650000.0,No,Yes,,,2026-05-13 05:19:14,2026-05-13 05:19:14,,3.46,10.0,43.44262295081967,5.783132530120482,15.0,2.0,0,0,0,36.0,0,0.0
354,Rahul,Mishra,Male,A-,Single,1998-12-24,Bachelor,BTech / BCA,Bangalore University,2021,5,8,Mid Level,Bangalore,Karnataka,India,Indian,2021-01-01,+91-9800000354,+91-9100000354,rahul.mishra.354@company.com,1003,Marketing,Brand & Growth,Marketing Operations,Digital Marketing,Campaign Operations,Marketing Team,3,Senior Associate,Senior Marketing Executive,Permanent,Active,2700000.0,No,Yes,,,2026-05-13 05:19:14,2026-05-13 05:19:14,,3.43,10.0,42.62295081967213,6.216867469879518,16.0,4.0,0,0,0,28.0,0,0.0
355,Vikram,Shetty,Male,B-,Single,1998-01-25,Bachelor,BTech / BCA,PES University,2021,5,8,Mid Level,Bangalore,Karnataka,India,Indian,2021-01-01,+91-9800000355,+91-9100000355,vikram.shetty.355@company.com,1003,Marketing,Brand & Growth,Marketing Operations,Digital Marketing,Campaign Operations,Marketing Team,3,Senior Associate,Senior Digital Marketing Specialist,Permanent,Active,2750000.0,No,Yes,,,2026-05-13 05:19:14,2026-05-13 05:19:14,,3.31,10.0,45.08196721311475,6.409638554216867,9.0,2.0,0,0,0,35.0,0,0.0
356,Sanjay,Bose,Male,O-,Single,1998-02-26,Bachelor,BTech / BCA,VTU Belagavi,2021,5,8,Mid Level,Bangalore,Karnataka,India,Indian,2021-01-01,+91-9800000356,+91-9100000356,sanjay.bose.356@company.com,1003,Sales,Revenue Operations,Sales Operations,Business Growth,Client Acquisition,Sales Team,3,Senior Associate,Senior Sales Executive,Permanent,Active,2800000.0,No,Yes,,,2026-05-13 05:19:14,2026-05-13 05:19:14,,3.46,10.0,46.72131147540984,6.746987951807229,15.0,3.0,0,0,0,27.0,0,0.0
357,Ananya,Sharma,Female,A+,Single,1998-03-27,Bachelor,BTech / BCA,IIM Bangalore,2021,5,8,Mid Level,Bangalore,Karnataka,India,Indian,2021-01-01,+91-9800000357,+91-9100000357,ananya.sharma.357@company.com,1003,Sales,Revenue Operations,Sales Operations,Business Growth,Client Acquisition,Sales Team,3,Senior Associate,Senior Business Development Executive,Permanent,Active,2600000.0,No,Yes,,,2026-05-13 05:19:14,2026-05-13 05:19:14,,3.44,10.0,50.0,6.9879518072289155,15.0,2.0,0,0,0,34.0,0,0.0
358,Diya,Iyer,Female,B+,Single,1998-04-01,Bachelor,BTech / BCA,IIT Madras,2021,5,8,Mid Level,Bangalore,Karnataka,India,Indian,2021-01-01,+91-9800000358,+91-9100000358,diya.iyer.358@company.com,1003,Operations,Transport & Logistics,Supply Chain Operations,Logistics,Transport Operations,Logistics Team,3,Senior Associate,Senior Transport Executive,Permanent,Active,2650000.0,No,Yes,,,2026-05-13 05:19:14,2026-05-13 05:19:14,,3.33,10.0,45.08196721311475,6.602409638554217,8.0,6.0,0,0,0,41.0,0,0.0
359,Myra,Nair,Female,O+,Single,1998-05-02,Bachelor,BTech / BCA,Christ University,2021,5,8,Mid Level,Bangalore,Karnataka,India,Indian,2021-01-01,+91-9800000359,+91-9100000359,myra.nair.359@company.com,1003,Operations,Transport & Logistics,Supply Chain Operations,Logistics,Transport Operations,Logistics Team,3,Senior Associate,Senior Fleet Coordinator,Permanent,Active,2700000.0,No,Yes,,,2026-05-13 05:19:14,2026-05-13 05:19:14,,3.32,10.0,47.540983606557376,6.746987951807229,13.0,8.0,0,0,0,33.0,0,0.0
360,Sara,Kapoor,Female,AB+,Single,1998-06-03,Bachelor,BTech / BCA,Anna University,2021,5,8,Mid Level,Bangalore,Karnataka,India,Indian,2021-01-01,+91-9800000360,+91-9100000360,sara.kapoor.360@company.com,1003,Operations,Transport & Logistics,Supply Chain Operations,Logistics,Transport Operations,Logistics Team,3,Senior Associate,Senior Logistics Executive,Permanent,Active,2750000.0,No,Yes,,,2026-05-13 05:19:14,2026-05-13 05:19:14,,3.3,10.0,50.81967213114754,7.373493975903615,18.0,3.0,0,0,0,40.0,0,0.0
361,Riya,Rao,Female,A-,Single,1998-07-04,Bachelor,BTech / BCA,Amrita University,2021,5,8,Mid Level,Bangalore,Karnataka,India,Indian,2021-01-01,+91-9800000361,+91-9100000361,riya.rao.361@company.com,1003,Operations,Transport & Logistics,Supply Chain Operations,Logistics,Transport Operations,Logistics Team,3,Senior Associate,Senior Supply Chain Analyst,Permanent,Active,2800000.0,No,Yes,,,2026-05-13 05:19:14,2026-05-13 05:19:14,,3.1,10.0,45.90163934426229,6.36144578313253,17.0,4.0,0,0,0,32.0,0,0.0
362,Priya,Singh,Female,B-,Single,1998-08-05,Bachelor,BTech / BCA,Delhi University,2021,5,8,Mid Level,Bangalore,Karnataka,India,Indian,2021-01-01,+91-9800000362,+91-9100000362,priya.singh.362@company.com,1003,Operations,Transport & Logistics,Supply Chain Operations,Logistics,Transport Operations,Logistics Team,3,Senior Associate,Senior Warehouse Executive,Permanent,Active,2600000.0,No,Yes,,,2026-05-13 05:19:14,2026-05-13 05:19:14,,3.24,10.0,45.08196721311475,5.975903614457831,13.0,4.0,0,0,0,39.0,0,0.0
363,Neha,Gupta,Female,O-,Single,1998-09-06,Bachelor,BTech / BCA,St Josephs Institute of Management,2021,5,8,Mid Level,Bangalore,Karnataka,India,Indian,2021-01-01,+91-9800000363,+91-9100000363,neha.gupta.363@company.com,1003,Operations,Transport & Logistics,Supply Chain Operations,Logistics,Transport Operations,Logistics Team,3,Senior Associate,Senior Dispatch Coordinator,Permanent,Active,2650000.0,No,Yes,,,2026-05-13 05:19:14,2026-05-13 05:19:14,,3.25,10.0,47.540983606557376,6.843373493975903,13.0,1.0,0,0,0,31.0,0,0.0
364,Kavya,Mishra,Female,A+,Single,1998-10-07,Bachelor,BTech / BCA,Bangalore University,2021,5,8,Mid Level,Bangalore,Karnataka,India,Indian,2021-01-01,+91-9800000364,+91-9100000364,kavya.mishra.364@company.com,1003,Operations,Transport & Logistics,Supply Chain Operations,Logistics,Transport Operations,Logistics Team,3,Senior Associate,Senior Freight Coordinator,Permanent,Active,2700000.0,No,Yes,,,2026-05-13 05:19:14,2026-05-13 05:19:14,,3.43,10.0,47.540983606557376,6.698795180722891,7.0,7.0,0,0,0,38.0,0,0.0
365,Meera,Shetty,Female,B+,Single,1998-11-08,Bachelor,BTech / BCA,PES University,2021,5,8,Mid Level,Bangalore,Karnataka,India,Indian,2021-01-01,+91-9800000365,+91-9100000365,meera.shetty.365@company.com,1003,Operations,Transport & Logistics,Supply Chain Operations,Logistics,Transport Operations,Logistics Team,3,Senior Associate,Senior Shipping Executive,Permanent,Active,2750000.0,No,Yes,,,2026-05-13 05:19:14,2026-05-13 05:19:14,,2.91,5.0,43.44262295081967,6.313253012048193,18.0,3.0,0,0,0,30.0,0,0.0
366,Sneha,Bose,Female,O+,Single,1998-12-09,Bachelor,BTech / BCA,VTU Belagavi,2021,5,8,Mid Level,Bangalore,Karnataka,India,Indian,2021-01-01,+91-9800000366,+91-9100000366,sneha.bose.366@company.com,1003,Technology,Engineering,Enterprise Systems,Software Delivery,Application Development,Engineering Team,3,Senior Associate,Senior Operations Coordinator,Permanent,Active,2800000.0,No,Yes,,,2026-05-13 05:19:14,2026-05-13 05:19:14,,3.34,10.0,43.44262295081967,6.409638554216867,12.0,5.0,0,0,0,37.0,0,0.0
367,Aarav,Sharma,Male,AB+,Single,2000-01-10,Bachelor,BTech / BCA,IIM Bangalore,2023,3,2,Mid Level,Bangalore,Karnataka,India,Indian,2023-01-01,+91-9800000367,+91-9100000367,aarav.sharma.367@company.com,1002,Technology,Engineering,Enterprise Systems,Software Delivery,Application Development,Engineering Team,2,Associate,Software Engineer,Permanent,Active,1600000.0,No,Yes,,,2026-05-13 05:19:14,2026-05-13 05:19:14,,3.08,10.0,50.0,6.457831325301205,15.0,4.0,0,0,0,29.0,0,1.0
368,Vivaan,Iyer,Male,A-,Single,2000-02-11,Bachelor,BTech / BCA,IIT Madras,2023,3,2,Mid Level,Bangalore,Karnataka,India,Indian,2023-01-01,+91-9800000368,+91-9100000368,vivaan.iyer.368@company.com,1002,Technology,Engineering,Enterprise Systems,Software Delivery,Application Development,Engineering Team,2,Associate,Frontend Engineer,Permanent,Active,1650000.0,No,Yes,,,2026-05-13 05:19:14,2026-05-13 05:19:14,,3.11,10.0,44.26229508196721,6.602409638554217,11.0,5.0,0,0,0,36.0,0,0.0
369,Aditya,Nair,Male,B-,Single,2000-03-12,Bachelor,BTech / BCA,Christ University,2023,3,2,Mid Level,Bangalore,Karnataka,India,Indian,2023-01-01,+91-9800000369,+91-9100000369,aditya.nair.369@company.com,1002,Technology,Engineering,Enterprise Systems,Software Delivery,Application Development,Engineering Team,2,Associate,Backend Engineer,Permanent,Active,1700000.0,No,Yes,,,2026-05-13 05:19:14,2026-05-13 05:19:14,,3.39,10.0,45.90163934426229,6.602409638554217,15.0,6.0,0,0,0,28.0,0,0.0
370,Arjun,Kapoor,Male,O-,Single,2000-04-13,Bachelor,BTech / BCA,Anna University,2023,3,2,Mid Level,Bangalore,Karnataka,India,Indian,2023-01-01,+91-9800000370,+91-9100000370,arjun.kapoor.370@company.com,1002,Technology,Engineering,Enterprise Systems,Software Delivery,Application Development,Engineering Team,2,Associate,Full Stack Engineer,Permanent,Active,1750000.0,No,Yes,,,2026-05-13 05:19:14,2026-05-13 05:19:14,,3.02,10.0,45.90163934426229,6.36144578313253,13.0,4.0,0,0,0,35.0,0,0.0
371,Rohan,Rao,Male,A+,Single,2000-05-14,Bachelor,BTech / BCA,Amrita University,2023,3,2,Mid Level,Bangalore,Karnataka,India,Indian,2023-01-01,+91-9800000371,+91-9100000371,rohan.rao.371@company.com,1002,Technology,Data & AI,Analytics Platforms,Data Intelligence,AI & Analytics,Data Team,2,Associate,Mobile Application Developer,Permanent,Active,1800000.0,No,Yes,,,2026-05-13 05:19:14,2026-05-13 05:19:14,,3.5,15.0,43.44262295081967,6.072289156626506,13.0,3.0,0,0,0,27.0,0,0.0
372,Karthik,Singh,Male,B+,Single,2000-06-15,Bachelor,BTech / BCA,Delhi University,2023,3,2,Mid Level,Bangalore,Karnataka,India,Indian,2023-01-01,+91-9800000372,+91-9100000372,karthik.singh.372@company.com,1002,Technology,Engineering,Enterprise Systems,Software Delivery,Application Development,Engineering Team,2,Associate,API Developer,Permanent,Active,1600000.0,No,Yes,,,2026-05-13 05:19:14,2026-05-13 05:19:14,,3.32,10.0,50.81967213114754,6.9879518072289155,17.0,2.0,0,0,0,34.0,0,1.0
373,Nikhil,Gupta,Male,O+,Single,2000-07-16,Bachelor,BTech / BCA,St Josephs Institute of Management,2023,3,2,Mid Level,Bangalore,Karnataka,India,Indian,2023-01-01,+91-9800000373,+91-9100000373,nikhil.gupta.373@company.com,1002,Technology,Engineering,Enterprise Systems,Software Delivery,Application Development,Engineering Team,2,Associate,Integration Engineer,Permanent,Active,1650000.0,No,Yes,,,2026-05-13 05:19:14,2026-05-13 05:19:14,,3.35,10.0,44.26229508196721,6.698795180722891,16.0,3.0,0,0,0,41.0,0,0.0
374,Rahul,Mishra,Male,AB+,Single,2000-08-17,Bachelor,BTech / BCA,Bangalore University,2023,3,2,Mid Level,Bangalore,Karnataka,India,Indian,2023-01-01,+91-9800000374,+91-9100000374,rahul.mishra.374@company.com,1002,Technology,Engineering,Enterprise Systems,Software Delivery,Application Development,Engineering Team,2,Associate,Solution Engineer,Permanent,Active,1700000.0,No,Yes,,,2026-05-13 05:19:14,2026-05-13 05:19:14,,3.08,10.0,49.18032786885246,6.36144578313253,14.0,5.0,0,0,0,33.0,0,0.0
375,Vikram,Shetty,Male,A-,Single,2000-09-18,Bachelor,BTech / BCA,PES University,2023,3,2,Mid Level,Bangalore,Karnataka,India,Indian,2023-01-01,+91-9800000375,+91-9100000375,vikram.shetty.375@company.com,1002,Operations,Transport & Logistics,Supply Chain Operations,Logistics,Transport Operations,Logistics Team,2,Associate,Application Support Engineer,Permanent,Active,1750000.0,No,Yes,,,2026-05-13 05:19:14,2026-05-13 05:19:14,,2.78,5.0,43.44262295081967,6.313253012048193,16.0,2.0,0,0,0,40.0,0,1.0
376,Sanjay,Bose,Male,B-,Single,2000-10-19,Bachelor,BTech / BCA,VTU Belagavi,2023,3,2,Mid Level,Bangalore,Karnataka,India,Indian,2023-01-01,+91-9800000376,+91-9100000376,sanjay.bose.376@company.com,1002,Technology,Data & AI,Analytics Platforms,Data Intelligence,AI & Analytics,Data Team,2,Associate,Data Engineer,Permanent,Active,1800000.0,No,Yes,,,2026-05-13 05:19:14,2026-05-13 05:19:14,,2.88,5.0,47.540983606557376,6.9879518072289155,14.0,4.0,0,0,0,32.0,0,1.0
377,Ananya,Sharma,Female,O-,Single,2000-11-20,Bachelor,BTech / BCA,IIM Bangalore,2023,3,2,Mid Level,Bangalore,Karnataka,India,Indian,2023-01-01,+91-9800000377,+91-9100000377,ananya.sharma.377@company.com,1002,Technology,Data & AI,Analytics Platforms,Data Intelligence,AI & Analytics,Data Team,2,Associate,Data Analyst,Permanent,Active,1600000.0,No,Yes,,,2026-05-13 05:19:14,2026-05-13 05:19:14,,3.1,10.0,46.72131147540984,6.795180722891566,19.0,8.0,0,0,0,39.0,0,1.0
378,Diya,Iyer,Female,A+,Single,2000-12-21,Bachelor,BTech / BCA,IIT Madras,2023,3,2,Mid Level,Bangalore,Karnataka,India,Indian,2023-01-01,+91-9800000378,+91-9100000378,diya.iyer.378@company.com,1002,Technology,Engineering,Enterprise Systems,Software Delivery,Application Development,Engineering Team,2,Associate,Business Analyst,Permanent,Active,1650000.0,No,Yes,,,2026-05-13 05:19:14,2026-05-13 05:19:14,,3.12,10.0,47.540983606557376,6.506024096385542,12.0,2.0,0,0,0,31.0,0,1.0
379,Myra,Nair,Female,B+,Single,2000-01-22,Bachelor,BTech / BCA,Christ University,2023,3,2,Mid Level,Bangalore,Karnataka,India,Indian,2023-01-01,+91-9800000379,+91-9100000379,myra.nair.379@company.com,1002,Product,Product Management,Product Strategy,Product Delivery,Product Operations,Product Team,2,Associate,Product Analyst,Permanent,Active,1700000.0,No,Yes,,,2026-05-13 05:19:14,2026-05-13 05:19:14,,3.25,10.0,41.80327868852459,6.457831325301205,15.0,5.0,0,0,0,38.0,0,1.0
380,Sara,Kapoor,Female,O+,Single,2000-02-23,Bachelor,BTech / BCA,Anna University,2023,3,2,Mid Level,Bangalore,Karnataka,India,Indian,2023-01-01,+91-9800000380,+91-9100000380,sara.kapoor.380@company.com,1002,Technology,Data & AI,Analytics Platforms,Data Intelligence,AI & Analytics,Data Team,2,Associate,BI Developer,Permanent,Active,1750000.0,No,Yes,,,2026-05-13 05:19:14,2026-05-13 05:19:14,,3.12,10.0,43.44262295081967,6.313253012048193,15.0,5.0,0,0,0,30.0,0,1.0
381,Riya,Rao,Female,AB+,Single,2000-03-24,Bachelor,BTech / BCA,Amrita University,2023,3,2,Mid Level,Bangalore,Karnataka,India,Indian,2023-01-01,+91-9800000381,+91-9100000381,riya.rao.381@company.com,1002,Operations,Transport & Logistics,Supply Chain Operations,Logistics,Transport Operations,Logistics Team,2,Associate,Reporting Analyst,Permanent,Active,1800000.0,No,Yes,,,2026-05-13 05:19:14,2026-05-13 05:19:14,,3.42,10.0,42.62295081967213,6.602409638554217,22.0,3.0,0,0,0,37.0,0,1.0
382,Priya,Singh,Female,A-,Single,2000-04-25,Bachelor,BTech / BCA,Delhi University,2023,3,2,Mid Level,Bangalore,Karnataka,India,Indian,2023-01-01,+91-9800000382,+91-9100000382,priya.singh.382@company.com,1002,Technology,Data & AI,Analytics Platforms,Data Intelligence,AI & Analytics,Data Team,2,Associate,AI/ML Engineer,Permanent,Active,1600000.0,No,Yes,,,2026-05-13 05:19:14,2026-05-13 05:19:14,,3.56,15.0,49.18032786885246,6.843373493975903,18.0,4.0,0,0,0,29.0,0,1.0
383,Neha,Gupta,Female,B-,Single,2000-05-26,Bachelor,BTech / BCA,St Josephs Institute of Management,2023,3,2,Mid Level,Bangalore,Karnataka,India,Indian,2023-01-01,+91-9800000383,+91-9100000383,neha.gupta.383@company.com,1002,Technology,Data & AI,Analytics Platforms,Data Intelligence,AI & Analytics,Data Team,2,Associate,MLOps Engineer,Permanent,Active,1650000.0,No,Yes,,,2026-05-13 05:19:14,2026-05-13 05:19:14,,2.79,5.0,46.72131147540984,6.265060240963855,9.0,9.0,0,0,0,36.0,0,0.0
384,Kavya,Mishra,Female,O-,Single,2000-06-27,Bachelor,BTech / BCA,Bangalore University,2023,3,2,Mid Level,Bangalore,Karnataka,India,Indian,2023-01-01,+91-9800000384,+91-9100000384,kavya.mishra.384@company.com,1002,Technology,Data & AI,Analytics Platforms,Data Intelligence,AI & Analytics,Data Team,2,Associate,GenAI Engineer,Permanent,Active,1700000.0,No,Yes,,,2026-05-13 05:19:14,2026-05-13 05:19:14,,3.51,15.0,50.81967213114754,6.746987951807229,17.0,3.0,0,0,0,28.0,0,0.0
385,Meera,Shetty,Female,A+,Single,2000-07-01,Bachelor,BTech / BCA,PES University,2023,3,2,Mid Level,Bangalore,Karnataka,India,Indian,2023-01-01,+91-9800000385,+91-9100000385,meera.shetty.385@company.com,1002,Technology,Engineering,Enterprise Systems,Software Delivery,Application Development,Engineering Team,2,Associate,RPA Developer,Permanent,Active,1750000.0,No,Yes,,,2026-05-13 05:19:14,2026-05-13 05:19:14,,2.98,5.0,44.26229508196721,5.927710843373494,25.0,1.0,0,0,0,35.0,0,0.0
386,Sneha,Bose,Female,B+,Single,2000-08-02,Bachelor,BTech / BCA,VTU Belagavi,2023,3,2,Mid Level,Bangalore,Karnataka,India,Indian,2023-01-01,+91-9800000386,+91-9100000386,sneha.bose.386@company.com,1002,Technology,Infrastructure & Platform,Cloud & Platform Operations,Enterprise Infrastructure,Platform Services,Infrastructure Team,2,Associate,DevOps Engineer,Permanent,Active,1800000.0,No,Yes,,,2026-05-13 05:19:14,2026-05-13 05:19:14,,3.06,10.0,49.18032786885246,6.602409638554217,15.0,5.0,0,0,0,27.0,0,1.0
387,Aarav,Sharma,Male,O+,Single,2000-09-03,Bachelor,BTech / BCA,IIM Bangalore,2023,3,2,Mid Level,Bangalore,Karnataka,India,Indian,2023-01-01,+91-9800000387,+91-9100000387,aarav.sharma.387@company.com,1002,Technology,Infrastructure & Platform,Cloud & Platform Operations,Enterprise Infrastructure,Platform Services,Infrastructure Team,2,Associate,Cloud Engineer,Permanent,Active,1600000.0,No,Yes,,,2026-05-13 05:19:14,2026-05-13 05:19:14,,3.04,10.0,46.72131147540984,6.168674698795181,16.0,3.0,0,0,0,34.0,0,1.0
388,Vivaan,Iyer,Male,AB+,Single,2000-10-04,Bachelor,BTech / BCA,IIT Madras,2023,3,2,Mid Level,Bangalore,Karnataka,India,Indian,2023-01-01,+91-9800000388,+91-9100000388,vivaan.iyer.388@company.com,1002,Technology,Infrastructure & Platform,Cloud & Platform Operations,Enterprise Infrastructure,Platform Services,Infrastructure Team,2,Associate,Platform Engineer,Permanent,Active,1650000.0,No,Yes,,,2026-05-13 05:19:14,2026-05-13 05:19:14,,3.54,15.0,42.62295081967213,5.783132530120482,26.0,3.0,0,0,0,41.0,0,1.0
389,Aditya,Nair,Male,A-,Single,2000-11-05,Bachelor,BTech / BCA,Christ University,2023,3,2,Mid Level,Bangalore,Karnataka,India,Indian,2023-01-01,+91-9800000389,+91-9100000389,aditya.nair.389@company.com,1002,Technology,Infrastructure & Platform,Cloud & Platform Operations,Enterprise Infrastructure,Platform Services,Infrastructure Team,2,Associate,Infrastructure Engineer,Permanent,Active,1700000.0,No,Yes,,,2026-05-13 05:19:14,2026-05-13 05:19:14,,3.27,10.0,46.72131147540984,6.024096385542169,23.0,2.0,0,0,0,33.0,0,0.0
390,Arjun,Kapoor,Male,B-,Single,2000-12-06,Bachelor,BTech / BCA,Anna University,2023,3,2,Mid Level,Bangalore,Karnataka,India,Indian,2023-01-01,+91-9800000390,+91-9100000390,arjun.kapoor.390@company.com,1002,Technology,Data & AI,Analytics Platforms,Data Intelligence,AI & Analytics,Data Team,2,Associate,Site Reliability Engineer,Permanent,Active,1750000.0,No,Yes,,,2026-05-13 05:19:14,2026-05-13 05:19:14,,3.12,10.0,45.08196721311475,6.36144578313253,11.0,5.0,0,0,0,40.0,0,0.0
391,Rohan,Rao,Male,O-,Single,2000-01-07,Bachelor,BTech / BCA,Amrita University,2023,3,2,Mid Level,Bangalore,Karnataka,India,Indian,2023-01-01,+91-9800000391,+91-9100000391,rohan.rao.391@company.com,1002,Technology,Quality Engineering,Testing Services,QA Delivery,Test Automation,QA Team,2,Associate,QA Engineer,Permanent,Active,1800000.0,No,Yes,,,2026-05-13 05:19:14,2026-05-13 05:19:14,,2.88,5.0,48.36065573770492,6.650602409638554,18.0,8.0,0,0,0,32.0,0,1.0
392,Karthik,Singh,Male,A+,Single,2000-02-08,Bachelor,BTech / BCA,Delhi University,2023,3,2,Mid Level,Bangalore,Karnataka,India,Indian,2023-01-01,+91-9800000392,+91-9100000392,karthik.singh.392@company.com,1002,Technology,Quality Engineering,Testing Services,QA Delivery,Test Automation,QA Team,2,Associate,Automation Test Engineer,Permanent,Active,1600000.0,No,Yes,,,2026-05-13 05:19:14,2026-05-13 05:19:14,,3.54,15.0,48.36065573770492,6.650602409638554,22.0,1.0,0,0,0,39.0,0,1.0
393,Nikhil,Gupta,Male,B+,Single,2000-03-09,Bachelor,BTech / BCA,St Josephs Institute of Management,2023,3,2,Mid Level,Bangalore,Karnataka,India,Indian,2023-01-01,+91-9800000393,+91-9100000393,nikhil.gupta.393@company.com,1002,Technology,Quality Engineering,Testing Services,QA Delivery,Test Automation,QA Team,2,Associate,Manual Test Engineer,Permanent,Active,1650000.0,No,Yes,,,2026-05-13 05:19:14,2026-05-13 05:19:14,,3.17,10.0,43.44262295081967,6.072289156626506,20.0,3.0,0,0,0,31.0,0,1.0
394,Rahul,Mishra,Male,O+,Single,2000-04-10,Bachelor,BTech / BCA,Bangalore University,2023,3,2,Mid Level,Bangalore,Karnataka,India,Indian,2023-01-01,+91-9800000394,+91-9100000394,rahul.mishra.394@company.com,1002,Technology,Quality Engineering,Testing Services,QA Delivery,Test Automation,QA Team,2,Associate,Performance Test Engineer,Permanent,Active,1700000.0,No,Yes,,,2026-05-13 05:19:14,2026-05-13 05:19:14,,3.21,10.0,50.0,6.891566265060241,14.0,0.0,0,0,0,38.0,0,0.0
395,Vikram,Shetty,Male,AB+,Single,2000-05-11,Bachelor,BTech / BCA,PES University,2023,3,2,Mid Level,Bangalore,Karnataka,India,Indian,2023-01-01,+91-9800000395,+91-9100000395,vikram.shetty.395@company.com,1002,Technology,Information Security,Cyber Security Operations,Security Governance,Security Operations,Security Team,2,Associate,Security Test Engineer,Permanent,Active,1750000.0,No,Yes,,,2026-05-13 05:19:14,2026-05-13 05:19:14,,3.24,10.0,50.81967213114754,7.036144578313253,17.0,5.0,0,0,0,30.0,0,0.0
396,Sanjay,Bose,Male,A-,Single,2000-06-12,Bachelor,BTech / BCA,VTU Belagavi,2023,3,2,Mid Level,Bangalore,Karnataka,India,Indian,2023-01-01,+91-9800000396,+91-9100000396,sanjay.bose.396@company.com,1002,Technology,Information Security,Cyber Security Operations,Security Governance,Security Operations,Security Team,2,Associate,Cyber Security Analyst,Permanent,Active,1800000.0,No,Yes,,,2026-05-13 05:19:14,2026-05-13 05:19:14,,3.2,10.0,46.72131147540984,6.843373493975903,12.0,3.0,0,0,0,37.0,0,1.0
397,Ananya,Sharma,Female,B-,Single,2000-07-13,Bachelor,BTech / BCA,IIM Bangalore,2023,3,2,Mid Level,Bangalore,Karnataka,India,Indian,2023-01-01,+91-9800000397,+91-9100000397,ananya.sharma.397@company.com,1002,Technology,Information Security,Cyber Security Operations,Security Governance,Security Operations,Security Team,2,Associate,SOC Analyst,Permanent,Active,1600000.0,No,Yes,,,2026-05-13 05:19:14,2026-05-13 05:19:14,,2.99,5.0,49.18032786885246,6.698795180722891,9.0,4.0,0,0,0,29.0,0,1.0
398,Diya,Iyer,Female,O-,Single,2000-08-14,Bachelor,BTech / BCA,IIT Madras,2023,3,2,Mid Level,Bangalore,Karnataka,India,Indian,2023-01-01,+91-9800000398,+91-9100000398,diya.iyer.398@company.com,1002,Technology,Information Security,Cyber Security Operations,Security Governance,Security Operations,Security Team,2,Associate,Information Security Analyst,Permanent,Active,1650000.0,No,Yes,,,2026-05-13 05:19:14,2026-05-13 05:19:14,,3.22,10.0,47.540983606557376,6.457831325301205,18.0,4.0,0,0,0,36.0,0,1.0
399,Myra,Nair,Female,A+,Single,2000-09-15,Bachelor,BTech / BCA,Christ University,2023,3,2,Mid Level,Bangalore,Karnataka,India,Indian,2023-01-01,+91-9800000399,+91-9100000399,myra.nair.399@company.com,1002,Technology,Information Security,Cyber Security Operations,Security Governance,Security Operations,Security Team,2,Associate,IAM Analyst,Permanent,Active,1700000.0,No,Yes,,,2026-05-13 05:19:14,2026-05-13 05:19:14,,3.12,10.0,47.540983606557376,6.409638554216867,10.0,7.0,0,0,0,28.0,0,1.0
400,Sara,Kapoor,Female,B+,Single,2000-10-16,Bachelor,BTech / BCA,Anna University,2023,3,2,Mid Level,Bangalore,Karnataka,India,Indian,2023-01-01,+91-9800000400,+91-9100000400,sara.kapoor.400@company.com,1002,Technology,Information Security,Cyber Security Operations,Security Governance,Security Operations,Security Team,2,Associate,GRC Analyst,Permanent,Active,1750000.0,No,Yes,,,2026-05-13 05:19:14,2026-05-13 05:19:14,,3.17,10.0,49.18032786885246,6.409638554216867,12.0,4.0,0,0,0,35.0,0,1.0
401,Riya,Rao,Female,O+,Single,2000-11-17,Bachelor,BTech / BCA,Amrita University,2023,3,2,Mid Level,Bangalore,Karnataka,India,Indian,2023-01-01,+91-9800000401,+91-9100000401,riya.rao.401@company.com,1002,Technology,Information Security,Cyber Security Operations,Security Governance,Security Operations,Security Team,2,Associate,Network Security Engineer,Permanent,Active,1800000.0,No,Yes,,,2026-05-13 05:19:14,2026-05-13 05:19:14,,3.61,15.0,50.81967213114754,6.746987951807229,14.0,3.0,0,0,0,27.0,0,0.0
402,Priya,Singh,Female,AB+,Single,2000-12-18,Bachelor,BTech / BCA,Delhi University,2023,3,2,Mid Level,Bangalore,Karnataka,India,Indian,2023-01-01,+91-9800000402,+91-9100000402,priya.singh.402@company.com,1002,Technology,Information Security,Cyber Security Operations,Security Governance,Security Operations,Security Team,2,Associate,Cloud Security Engineer,Permanent,Active,1600000.0,No,Yes,,,2026-05-13 05:19:14,2026-05-13 05:19:14,,2.86,5.0,49.18032786885246,6.891566265060241,20.0,3.0,0,0,0,34.0,0,0.0
403,Neha,Gupta,Female,A-,Single,2000-01-19,Bachelor,BTech / BCA,St Josephs Institute of Management,2023,3,2,Mid Level,Bangalore,Karnataka,India,Indian,2023-01-01,+91-9800000403,+91-9100000403,neha.gupta.403@company.com,1002,Technology,Information Security,Cyber Security Operations,Security Governance,Security Operations,Security Team,2,Associate,Application Security Engineer,Permanent,Active,1650000.0,No,Yes,,,2026-05-13 05:19:14,2026-05-13 05:19:14,,3.17,10.0,53.278688524590166,6.9397590361445785,15.0,3.0,0,0,0,41.0,0,0.0
404,Kavya,Mishra,Female,B-,Single,2000-02-20,Bachelor,BTech / BCA,Bangalore University,2023,3,2,Mid Level,Bangalore,Karnataka,India,Indian,2023-01-01,+91-9800000404,+91-9100000404,kavya.mishra.404@company.com,1002,Technology,Data & AI,Analytics Platforms,Data Intelligence,AI & Analytics,Data Team,2,Associate,Database Administrator,Permanent,Active,1700000.0,No,Yes,,,2026-05-13 05:19:14,2026-05-13 05:19:14,,3.2,10.0,46.72131147540984,6.409638554216867,15.0,5.0,0,0,0,33.0,0,1.0
405,Meera,Shetty,Female,O-,Single,2000-03-21,Bachelor,BTech / BCA,PES University,2023,3,2,Mid Level,Bangalore,Karnataka,India,Indian,2023-01-01,+91-9800000405,+91-9100000405,meera.shetty.405@company.com,1002,Technology,Infrastructure & Platform,Cloud & Platform Operations,Enterprise Infrastructure,Platform Services,Infrastructure Team,2,Associate,System Administrator,Permanent,Active,1750000.0,No,Yes,,,2026-05-13 05:19:14,2026-05-13 05:19:14,,3.21,10.0,50.0,7.036144578313253,17.0,6.0,0,0,0,40.0,0,1.0
406,Sneha,Bose,Female,A+,Single,2000-04-22,Bachelor,BTech / BCA,VTU Belagavi,2023,3,2,Mid Level,Bangalore,Karnataka,India,Indian,2023-01-01,+91-9800000406,+91-9100000406,sneha.bose.406@company.com,1002,Technology,Infrastructure & Platform,Cloud & Platform Operations,Enterprise Infrastructure,Platform Services,Infrastructure Team,2,Associate,Linux Administrator,Permanent,Active,1800000.0,No,Yes,,,2026-05-13 05:19:14,2026-05-13 05:19:14,,3.43,10.0,50.81967213114754,6.843373493975903,21.0,3.0,0,0,0,32.0,0,1.0
407,Aarav,Sharma,Male,B+,Single,2000-05-23,Bachelor,BTech / BCA,IIM Bangalore,2023,3,2,Mid Level,Bangalore,Karnataka,India,Indian,2023-01-01,+91-9800000407,+91-9100000407,aarav.sharma.407@company.com,1002,Technology,Infrastructure & Platform,Cloud & Platform Operations,Enterprise Infrastructure,Platform Services,Infrastructure Team,2,Associate,Windows Administrator,Permanent,Active,1600000.0,No,Yes,,,2026-05-13 05:19:14,2026-05-13 05:19:14,,3.32,10.0,48.36065573770492,7.0843373493975905,12.0,4.0,0,0,0,39.0,0,1.0
408,Vivaan,Iyer,Male,O+,Single,2000-06-24,Bachelor,BTech / BCA,IIT Madras,2023,3,2,Mid Level,Bangalore,Karnataka,India,Indian,2023-01-01,+91-9800000408,+91-9100000408,vivaan.iyer.408@company.com,1002,Technology,Infrastructure & Platform,Cloud & Platform Operations,Enterprise Infrastructure,Platform Services,Infrastructure Team,2,Associate,Network Engineer,Permanent,Active,1650000.0,No,Yes,,,2026-05-13 05:19:14,2026-05-13 05:19:14,,3.24,10.0,40.98360655737705,6.216867469879518,25.0,6.0,0,0,0,31.0,0,1.0
409,Aditya,Nair,Male,AB+,Single,2000-07-25,Bachelor,BTech / BCA,Christ University,2023,3,2,Mid Level,Bangalore,Karnataka,India,Indian,2023-01-01,+91-9800000409,+91-9100000409,aditya.nair.409@company.com,1002,Operations,Transport & Logistics,Supply Chain Operations,Logistics,Transport Operations,Logistics Team,2,Associate,IT Support Engineer,Permanent,Active,1700000.0,No,Yes,,,2026-05-13 05:19:14,2026-05-13 05:19:14,,3.27,10.0,53.278688524590166,6.843373493975903,20.0,1.0,0,0,0,38.0,0,1.0
410,Arjun,Kapoor,Male,A-,Single,2000-08-26,Bachelor,BTech / BCA,Anna University,2023,3,2,Mid Level,Bangalore,Karnataka,India,Indian,2023-01-01,+91-9800000410,+91-9100000410,arjun.kapoor.410@company.com,1002,Operations,Transport & Logistics,Supply Chain Operations,Logistics,Transport Operations,Logistics Team,2,Associate,Technical Support Engineer,Permanent,Active,1750000.0,No,Yes,,,2026-05-13 05:19:14,2026-05-13 05:19:14,,3.27,10.0,41.80327868852459,6.072289156626506,22.0,5.0,0,0,0,30.0,0,1.0
411,Rohan,Rao,Male,B-,Single,2000-09-27,Bachelor,BTech / BCA,Amrita University,2023,3,2,Mid Level,Bangalore,Karnataka,India,Indian,2023-01-01,+91-9800000411,+91-9100000411,rohan.rao.411@company.com,1002,Technology,Engineering,Enterprise Systems,Software Delivery,Application Development,Engineering Team,2,Associate,Service Desk Analyst,Permanent,Active,1800000.0,No,Yes,,,2026-05-13 05:19:14,2026-05-13 05:19:14,,3.0,10.0,50.81967213114754,6.9397590361445785,13.0,3.0,0,0,0,37.0,0,1.0
412,Karthik,Singh,Male,O-,Single,2000-10-01,Bachelor,BTech / BCA,Delhi University,2023,3,2,Mid Level,Bangalore,Karnataka,India,Indian,2023-01-01,+91-9800000412,+91-9100000412,karthik.singh.412@company.com,1002,Delivery,Program Delivery,Project Management,Delivery Operations,PMO,Delivery Team,2,Associate,PMO Analyst,Permanent,Active,1600000.0,No,Yes,,,2026-05-13 05:19:14,2026-05-13 05:19:14,,3.08,10.0,46.72131147540984,6.843373493975903,22.0,6.0,0,0,0,29.0,0,1.0
413,Nikhil,Gupta,Male,A+,Single,2000-11-02,Bachelor,BTech / BCA,St Josephs Institute of Management,2023,3,2,Mid Level,Bangalore,Karnataka,India,Indian,2023-01-01,+91-9800000413,+91-9100000413,nikhil.gupta.413@company.com,1002,Technology,Engineering,Enterprise Systems,Software Delivery,Application Development,Engineering Team,2,Associate,Technical Consultant,Permanent,Active,1650000.0,No,Yes,,,2026-05-13 05:19:14,2026-05-13 05:19:14,,3.22,10.0,44.26229508196721,6.36144578313253,12.0,5.0,0,0,0,36.0,0,1.0
414,Rahul,Mishra,Male,B+,Single,2000-12-03,Bachelor,BTech / BCA,Bangalore University,2023,3,2,Mid Level,Bangalore,Karnataka,India,Indian,2023-01-01,+91-9800000414,+91-9100000414,rahul.mishra.414@company.com,1002,Technology,Engineering,Enterprise Systems,Software Delivery,Application Development,Engineering Team,2,Associate,Functional Consultant,Permanent,Active,1700000.0,No,Yes,,,2026-05-13 05:19:14,2026-05-13 05:19:14,,3.08,10.0,45.08196721311475,6.216867469879518,15.0,4.0,0,0,0,28.0,0,1.0
415,Vikram,Shetty,Male,O+,Single,2000-01-04,Bachelor,BTech / BCA,PES University,2023,3,2,Mid Level,Bangalore,Karnataka,India,Indian,2023-01-01,+91-9800000415,+91-9100000415,vikram.shetty.415@company.com,1002,Delivery,Program Delivery,Project Management,Delivery Operations,PMO,Delivery Team,2,Associate,Delivery Analyst,Permanent,Active,1750000.0,No,Yes,,,2026-05-13 05:19:14,2026-05-13 05:19:14,,3.0,10.0,45.08196721311475,6.265060240963855,21.0,5.0,0,0,0,35.0,0,0.0
416,Sanjay,Bose,Male,AB+,Single,2000-02-05,Bachelor,BTech / BCA,VTU Belagavi,2023,3,2,Mid Level,Bangalore,Karnataka,India,Indian,2023-01-01,+91-9800000416,+91-9100000416,sanjay.bose.416@company.com,1002,Technology,Engineering,Enterprise Systems,Software Delivery,Application Development,Engineering Team,2,Associate,Operations Analyst,Permanent,Active,1800000.0,No,Yes,,,2026-05-13 05:19:14,2026-05-13 05:19:14,,3.38,10.0,54.09836065573771,6.9879518072289155,16.0,5.0,0,0,0,27.0,0,1.0
417,Ananya,Sharma,Female,A-,Single,2000-03-06,Bachelor,BTech / BCA,IIM Bangalore,2023,3,2,Mid Level,Bangalore,Karnataka,India,Indian,2023-01-01,+91-9800000417,+91-9100000417,ananya.sharma.417@company.com,1002,Technology,Engineering,Enterprise Systems,Software Delivery,Application Development,Engineering Team,2,Associate,Customer Success Specialist,Permanent,Active,1600000.0,No,Yes,,,2026-05-13 05:19:14,2026-05-13 05:19:14,,2.87,5.0,50.0,6.795180722891566,20.0,7.0,0,0,0,34.0,0,0.0
418,Diya,Iyer,Female,B-,Single,2000-04-07,Bachelor,BTech / BCA,IIT Madras,2023,3,2,Mid Level,Bangalore,Karnataka,India,Indian,2023-01-01,+91-9800000418,+91-9100000418,diya.iyer.418@company.com,1002,Technology,Engineering,Enterprise Systems,Software Delivery,Application Development,Engineering Team,2,Associate,Client Relationship Executive,Permanent,Active,1650000.0,No,Yes,,,2026-05-13 05:19:14,2026-05-13 05:19:14,,3.03,10.0,45.90163934426229,6.36144578313253,20.0,4.0,0,0,0,41.0,0,0.0
419,Myra,Nair,Female,O-,Single,2000-05-08,Bachelor,BTech / BCA,Christ University,2023,3,2,Mid Level,Bangalore,Karnataka,India,Indian,2023-01-01,+91-9800000419,+91-9100000419,myra.nair.419@company.com,1002,Human Resources,People Operations,Workforce Management,HR Operations,People Services,HR Team,2,Associate,HR Executive,Permanent,Active,1700000.0,No,Yes,,,2026-05-13 05:19:14,2026-05-13 05:19:14,,3.17,10.0,51.63934426229508,6.746987951807229,22.0,5.0,0,0,0,33.0,0,1.0
420,Sara,Kapoor,Female,A+,Single,2000-06-09,Bachelor,BTech / BCA,Anna University,2023,3,2,Mid Level,Bangalore,Karnataka,India,Indian,2023-01-01,+91-9800000420,+91-9100000420,sara.kapoor.420@company.com,1002,Human Resources,People Operations,Workforce Management,HR Operations,People Services,HR Team,2,Associate,Talent Acquisition Specialist,Permanent,Active,1750000.0,No,Yes,,,2026-05-13 05:19:14,2026-05-13 05:19:14,,2.91,5.0,44.26229508196721,6.072289156626506,17.0,7.0,0,0,0,40.0,0,0.0
421,Riya,Rao,Female,B+,Single,2000-07-10,Bachelor,BTech / BCA,Amrita University,2023,3,2,Mid Level,Bangalore,Karnataka,India,Indian,2023-01-01,+91-9800000421,+91-9100000421,riya.rao.421@company.com,1002,Finance,Corporate Finance,Financial Operations,Finance,Finance Operations,Finance Team,2,Associate,Payroll Executive,Permanent,Active,1800000.0,No,Yes,,,2026-05-13 05:19:14,2026-05-13 05:19:14,,3.27,10.0,49.18032786885246,6.843373493975903,18.0,8.0,0,0,0,32.0,0,1.0
422,Priya,Singh,Female,O+,Single,2000-08-11,Bachelor,BTech / BCA,Delhi University,2023,3,2,Mid Level,Bangalore,Karnataka,India,Indian,2023-01-01,+91-9800000422,+91-9100000422,priya.singh.422@company.com,1002,Finance,Corporate Finance,Financial Operations,Finance,Finance Operations,Finance Team,2,Associate,Finance Executive,Permanent,Active,1600000.0,No,Yes,,,2026-05-13 05:19:14,2026-05-13 05:19:14,,3.12,10.0,48.36065573770492,6.650602409638554,16.0,5.0,0,0,0,39.0,0,1.0
423,Neha,Gupta,Female,AB+,Single,2000-09-12,Bachelor,BTech / BCA,St Josephs Institute of Management,2023,3,2,Mid Level,Bangalore,Karnataka,India,Indian,2023-01-01,+91-9800000423,+91-9100000423,neha.gupta.423@company.com,1002,Finance,Corporate Finance,Financial Operations,Finance,Finance Operations,Finance Team,2,Associate,Accountant,Permanent,Active,1650000.0,No,Yes,,,2026-05-13 05:19:14,2026-05-13 05:19:14,,3.12,10.0,51.63934426229508,6.746987951807229,12.0,4.0,0,0,0,31.0,0,1.0
424,Kavya,Mishra,Female,A-,Single,2000-10-13,Bachelor,BTech / BCA,Bangalore University,2023,3,2,Mid Level,Bangalore,Karnataka,India,Indian,2023-01-01,+91-9800000424,+91-9100000424,kavya.mishra.424@company.com,1002,Procurement,Vendor Management,Procurement Operations,Sourcing,Supplier Operations,Procurement Team,2,Associate,Procurement Executive,Permanent,Active,1700000.0,No,Yes,,,2026-05-13 05:19:14,2026-05-13 05:19:14,,3.24,10.0,45.90163934426229,6.554216867469879,15.0,8.0,0,0,0,38.0,0,1.0
425,Meera,Shetty,Female,B-,Single,2000-11-14,Bachelor,BTech / BCA,PES University,2023,3,2,Mid Level,Bangalore,Karnataka,India,Indian,2023-01-01,+91-9800000425,+91-9100000425,meera.shetty.425@company.com,1002,Governance,Risk & Compliance,Enterprise Governance,Compliance,Risk Operations,Governance Team,2,Associate,Compliance Analyst,Permanent,Active,1750000.0,No,Yes,,,2026-05-13 05:19:14,2026-05-13 05:19:14,,3.1,10.0,50.0,6.9879518072289155,18.0,5.0,0,0,0,30.0,0,0.0
426,Sneha,Bose,Female,O-,Single,2000-12-15,Bachelor,BTech / BCA,VTU Belagavi,2023,3,2,Mid Level,Bangalore,Karnataka,India,Indian,2023-01-01,+91-9800000426,+91-9100000426,sneha.bose.426@company.com,1002,Governance,Risk & Compliance,Enterprise Governance,Compliance,Risk Operations,Governance Team,2,Associate,Risk Analyst,Permanent,Active,1800000.0,No,Yes,,,2026-05-13 05:19:14,2026-05-13 05:19:14,,3.15,10.0,47.540983606557376,6.698795180722891,20.0,3.0,0,0,0,37.0,0,0.0
427,Aarav,Sharma,Male,A+,Single,2000-01-16,Bachelor,BTech / BCA,IIM Bangalore,2023,3,2,Mid Level,Bangalore,Karnataka,India,Indian,2023-01-01,+91-9800000427,+91-9100000427,aarav.sharma.427@company.com,1002,Marketing,Brand & Growth,Marketing Operations,Digital Marketing,Campaign Operations,Marketing Team,2,Associate,Marketing Executive,Permanent,Active,1600000.0,No,Yes,,,2026-05-13 05:19:14,2026-05-13 05:19:14,,3.1,10.0,46.72131147540984,6.409638554216867,8.0,2.0,0,0,0,29.0,0,1.0
428,Vivaan,Iyer,Male,B+,Single,2000-02-17,Bachelor,BTech / BCA,IIT Madras,2023,3,2,Mid Level,Bangalore,Karnataka,India,Indian,2023-01-01,+91-9800000428,+91-9100000428,vivaan.iyer.428@company.com,1002,Marketing,Brand & Growth,Marketing Operations,Digital Marketing,Campaign Operations,Marketing Team,2,Associate,Digital Marketing Specialist,Permanent,Active,1650000.0,No,Yes,,,2026-05-13 05:19:14,2026-05-13 05:19:14,,2.96,5.0,53.278688524590166,6.843373493975903,10.0,8.0,0,0,0,36.0,0,0.0
429,Aditya,Nair,Male,O+,Single,2000-03-18,Bachelor,BTech / BCA,Christ University,2023,3,2,Mid Level,Bangalore,Karnataka,India,Indian,2023-01-01,+91-9800000429,+91-9100000429,aditya.nair.429@company.com,1002,Sales,Revenue Operations,Sales Operations,Business Growth,Client Acquisition,Sales Team,2,Associate,Sales Executive,Permanent,Active,1700000.0,No,Yes,,,2026-05-13 05:19:14,2026-05-13 05:19:14,,3.39,10.0,49.18032786885246,6.891566265060241,15.0,8.0,0,0,0,28.0,0,1.0
430,Arjun,Kapoor,Male,AB+,Single,2000-04-19,Bachelor,BTech / BCA,Anna University,2023,3,2,Mid Level,Bangalore,Karnataka,India,Indian,2023-01-01,+91-9800000430,+91-9100000430,arjun.kapoor.430@company.com,1002,Sales,Revenue Operations,Sales Operations,Business Growth,Client Acquisition,Sales Team,2,Associate,Business Development Executive,Permanent,Active,1750000.0,No,Yes,,,2026-05-13 05:19:14,2026-05-13 05:19:14,,3.24,10.0,43.44262295081967,6.216867469879518,20.0,5.0,0,0,0,35.0,0,1.0
431,Rohan,Rao,Male,A-,Single,2000-05-20,Bachelor,BTech / BCA,Amrita University,2023,3,2,Mid Level,Bangalore,Karnataka,India,Indian,2023-01-01,+91-9800000431,+91-9100000431,rohan.rao.431@company.com,1002,Operations,Transport & Logistics,Supply Chain Operations,Logistics,Transport Operations,Logistics Team,2,Associate,Transport Executive,Permanent,Active,1800000.0,No,Yes,,,2026-05-13 05:19:14,2026-05-13 05:19:14,,2.99,5.0,42.62295081967213,6.554216867469879,20.0,7.0,0,0,0,27.0,0,1.0
432,Karthik,Singh,Male,B-,Single,2000-06-21,Bachelor,BTech / BCA,Delhi University,2023,3,2,Mid Level,Bangalore,Karnataka,India,Indian,2023-01-01,+91-9800000432,+91-9100000432,karthik.singh.432@company.com,1002,Operations,Transport & Logistics,Supply Chain Operations,Logistics,Transport Operations,Logistics Team,2,Associate,Fleet Coordinator,Permanent,Active,1600000.0,No,Yes,,,2026-05-13 05:19:14,2026-05-13 05:19:14,,3.36,10.0,45.08196721311475,6.168674698795181,18.0,4.0,0,0,0,34.0,0,0.0
433,Nikhil,Gupta,Male,O-,Single,2000-07-22,Bachelor,BTech / BCA,St Josephs Institute of Management,2023,3,2,Mid Level,Bangalore,Karnataka,India,Indian,2023-01-01,+91-9800000433,+91-9100000433,nikhil.gupta.433@company.com,1002,Operations,Transport & Logistics,Supply Chain Operations,Logistics,Transport Operations,Logistics Team,2,Associate,Logistics Executive,Permanent,Active,1650000.0,No,Yes,,,2026-05-13 05:19:14,2026-05-13 05:19:14,,3.22,10.0,46.72131147540984,6.36144578313253,19.0,4.0,0,0,0,41.0,0,1.0
434,Rahul,Mishra,Male,A+,Single,2000-08-23,Bachelor,BTech / BCA,Bangalore University,2023,3,2,Mid Level,Bangalore,Karnataka,India,Indian,2023-01-01,+91-9800000434,+91-9100000434,rahul.mishra.434@company.com,1002,Operations,Transport & Logistics,Supply Chain Operations,Logistics,Transport Operations,Logistics Team,2,Associate,Supply Chain Analyst,Permanent,Active,1700000.0,No,Yes,,,2026-05-13 05:19:14,2026-05-13 05:19:14,,3.22,10.0,48.36065573770492,6.602409638554217,19.0,6.0,0,0,0,33.0,0,1.0
435,Vikram,Shetty,Male,B+,Single,2000-09-24,Bachelor,BTech / BCA,PES University,2023,3,2,Mid Level,Bangalore,Karnataka,India,Indian,2023-01-01,+91-9800000435,+91-9100000435,vikram.shetty.435@company.com,1002,Operations,Transport & Logistics,Supply Chain Operations,Logistics,Transport Operations,Logistics Team,2,Associate,Warehouse Executive,Permanent,Active,1750000.0,No,Yes,,,2026-05-13 05:19:14,2026-05-13 05:19:14,,3.31,10.0,48.36065573770492,6.698795180722891,11.0,6.0,0,0,0,40.0,0,1.0
436,Sanjay,Bose,Male,O+,Single,2000-10-25,Bachelor,BTech / BCA,VTU Belagavi,2023,3,2,Mid Level,Bangalore,Karnataka,India,Indian,2023-01-01,+91-9800000436,+91-9100000436,sanjay.bose.436@company.com,1002,Operations,Transport & Logistics,Supply Chain Operations,Logistics,Transport Operations,Logistics Team,2,Associate,Dispatch Coordinator,Permanent,Active,1800000.0,No,Yes,,,2026-05-13 05:19:14,2026-05-13 05:19:14,,3.09,10.0,45.90163934426229,6.554216867469879,21.0,9.0,0,0,0,32.0,0,1.0
437,Ananya,Sharma,Female,AB+,Single,2000-11-26,Bachelor,BTech / BCA,IIM Bangalore,2023,3,2,Mid Level,Bangalore,Karnataka,India,Indian,2023-01-01,+91-9800000437,+91-9100000437,ananya.sharma.437@company.com,1002,Operations,Transport & Logistics,Supply Chain Operations,Logistics,Transport Operations,Logistics Team,2,Associate,Freight Coordinator,Permanent,Active,1600000.0,No,Yes,,,2026-05-13 05:19:14,2026-05-13 05:19:14,,3.05,10.0,45.90163934426229,6.506024096385542,22.0,4.0,0,0,0,39.0,0,0.0
438,Diya,Iyer,Female,A-,Single,2000-12-27,Bachelor,BTech / BCA,IIT Madras,2023,3,2,Mid Level,Bangalore,Karnataka,India,Indian,2023-01-01,+91-9800000438,+91-9100000438,diya.iyer.438@company.com,1002,Operations,Transport & Logistics,Supply Chain Operations,Logistics,Transport Operations,Logistics Team,2,Associate,Shipping Executive,Permanent,Active,1650000.0,No,Yes,,,2026-05-13 05:19:14,2026-05-13 05:19:14,,3.32,10.0,49.18032786885246,6.216867469879518,4.0,6.0,0,0,0,31.0,0,0.0
439,Myra,Nair,Female,B-,Single,2000-01-01,Bachelor,BTech / BCA,Christ University,2023,3,2,Mid Level,Bangalore,Karnataka,India,Indian,2023-01-01,+91-9800000439,+91-9100000439,myra.nair.439@company.com,1002,Technology,Engineering,Enterprise Systems,Software Delivery,Application Development,Engineering Team,2,Associate,Operations Coordinator,Permanent,Active,1700000.0,No,Yes,,,2026-05-13 05:19:14,2026-05-13 05:19:14,,3.39,10.0,45.90163934426229,5.927710843373494,9.0,7.0,0,0,0,38.0,0,1.0
440,Sara,Kapoor,Female,O-,Single,2002-02-02,Bachelor,BTech / BCA,Anna University,2025,1,6,Junior,Bangalore,Karnataka,India,Indian,2025-01-01,+91-9800000440,+91-9100000440,sara.kapoor.440@company.com,1001,Technology,Engineering,Enterprise Systems,Software Delivery,Application Development,Engineering Team,1,Junior Associate,Trainee,Permanent,Active,950000.0,No,Yes,,,2026-05-13 05:19:14,2026-05-13 05:19:14,,3.08,10.0,44.26229508196721,6.072289156626506,13.0,2.0,0,0,0,30.0,0,0.0
441,Riya,Rao,Female,A+,Single,2002-03-03,Bachelor,BTech / BCA,Amrita University,2025,1,6,Junior,Bangalore,Karnataka,India,Indian,2025-01-01,+91-9800000441,+91-9100000441,riya.rao.441@company.com,1001,Technology,Engineering,Enterprise Systems,Software Delivery,Application Development,Engineering Team,1,Junior Associate,Graduate Engineer Trainee,Permanent,Active,1000000.0,No,Yes,,,2026-05-13 05:19:14,2026-05-13 05:19:14,,3.21,10.0,45.90163934426229,6.36144578313253,15.0,6.0,0,0,0,37.0,0,0.0
442,Priya,Singh,Female,B+,Single,2002-04-04,Bachelor,BTech / BCA,Delhi University,2025,1,6,Junior,Bangalore,Karnataka,India,Indian,2025-01-01,+91-9800000442,+91-9100000442,priya.singh.442@company.com,1001,Technology,Engineering,Enterprise Systems,Software Delivery,Application Development,Engineering Team,1,Junior Associate,Management Trainee,Permanent,Active,800000.0,No,Yes,,,2026-05-13 05:19:14,2026-05-13 05:19:14,,3.09,10.0,51.63934426229508,6.9879518072289155,19.0,3.0,0,0,0,29.0,0,0.0
443,Neha,Gupta,Female,O+,Single,2002-05-05,Bachelor,BTech / BCA,St Josephs Institute of Management,2025,1,6,Junior,Bangalore,Karnataka,India,Indian,2025-01-01,+91-9800000443,+91-9100000443,neha.gupta.443@company.com,1001,Technology,Engineering,Enterprise Systems,Software Delivery,Application Development,Engineering Team,1,Junior Associate,Junior Software Engineer,Permanent,Active,850000.0,No,Yes,,,2026-05-13 05:19:14,2026-05-13 05:19:14,,3.16,10.0,46.72131147540984,6.409638554216867,19.0,3.0,0,0,0,36.0,0,0.0
444,Kavya,Mishra,Female,AB+,Single,2002-06-06,Bachelor,BTech / BCA,Bangalore University,2025,1,6,Junior,Bangalore,Karnataka,India,Indian,2025-01-01,+91-9800000444,+91-9100000444,kavya.mishra.444@company.com,1001,Technology,Engineering,Enterprise Systems,Software Delivery,Application Development,Engineering Team,1,Junior Associate,Junior Frontend Developer,Permanent,Active,900000.0,No,Yes,,,2026-05-13 05:19:14,2026-05-13 05:19:14,,2.95,5.0,49.18032786885246,6.698795180722891,16.0,7.0,0,0,0,28.0,0,0.0
445,Meera,Shetty,Female,A-,Single,2002-07-07,Bachelor,BTech / BCA,PES University,2025,1,6,Junior,Bangalore,Karnataka,India,Indian,2025-01-01,+91-9800000445,+91-9100000445,meera.shetty.445@company.com,1001,Technology,Engineering,Enterprise Systems,Software Delivery,Application Development,Engineering Team,1,Junior Associate,Junior Backend Developer,Permanent,Active,950000.0,No,Yes,,,2026-05-13 05:19:14,2026-05-13 05:19:14,,2.73,5.0,49.18032786885246,6.795180722891566,15.0,6.0,0,0,0,35.0,0,0.0
446,Sneha,Bose,Female,B-,Single,2002-08-08,Bachelor,BTech / BCA,VTU Belagavi,2025,1,6,Junior,Bangalore,Karnataka,India,Indian,2025-01-01,+91-9800000446,+91-9100000446,sneha.bose.446@company.com,1001,Technology,Engineering,Enterprise Systems,Software Delivery,Application Development,Engineering Team,1,Junior Associate,Junior Full Stack Developer,Permanent,Active,1000000.0,No,Yes,,,2026-05-13 05:19:14,2026-05-13 05:19:14,,3.25,10.0,46.72131147540984,6.265060240963855,7.0,5.0,0,0,0,27.0,0,0.0
447,Aarav,Sharma,Male,O-,Single,2002-09-09,Bachelor,BTech / BCA,IIM Bangalore,2025,1,6,Junior,Bangalore,Karnataka,India,Indian,2025-01-01,+91-9800000447,+91-9100000447,aarav.sharma.447@company.com,1001,Technology,Data & AI,Analytics Platforms,Data Intelligence,AI & Analytics,Data Team,1,Junior Associate,Junior Mobile App Developer,Permanent,Active,800000.0,No,Yes,,,2026-05-13 05:19:14,2026-05-13 05:19:14,,3.17,10.0,49.18032786885246,6.746987951807229,7.0,3.0,0,0,0,34.0,0,0.0
448,Vivaan,Iyer,Male,A+,Single,2002-10-10,Bachelor,BTech / BCA,IIT Madras,2025,1,6,Junior,Bangalore,Karnataka,India,Indian,2025-01-01,+91-9800000448,+91-9100000448,vivaan.iyer.448@company.com,1001,Technology,Engineering,Enterprise Systems,Software Delivery,Application Development,Engineering Team,1,Junior Associate,Junior API Developer,Permanent,Active,850000.0,No,Yes,,,2026-05-13 05:19:14,2026-05-13 05:19:14,,3.0,10.0,51.63934426229508,7.036144578313253,20.0,8.0,0,0,0,41.0,0,0.0
449,Aditya,Nair,Male,B+,Single,2002-11-11,Bachelor,BTech / BCA,Christ University,2025,1,6,Junior,Bangalore,Karnataka,India,Indian,2025-01-01,+91-9800000449,+91-9100000449,aditya.nair.449@company.com,1001,Technology,Engineering,Enterprise Systems,Software Delivery,Application Development,Engineering Team,1,Junior Associate,Junior Integration Developer,Permanent,Active,900000.0,No,Yes,,,2026-05-13 05:19:14,2026-05-13 05:19:14,,3.26,10.0,41.80327868852459,6.313253012048193,12.0,3.0,0,0,0,33.0,0,0.0
450,Arjun,Kapoor,Male,O+,Single,2002-12-12,Bachelor,BTech / BCA,Anna University,2025,1,6,Junior,Bangalore,Karnataka,India,Indian,2025-01-01,+91-9800000450,+91-9100000450,arjun.kapoor.450@company.com,1001,Operations,Transport & Logistics,Supply Chain Operations,Logistics,Transport Operations,Logistics Team,1,Junior Associate,Junior Application Support Engineer,Permanent,Active,950000.0,No,Yes,,,2026-05-13 05:19:14,2026-05-13 05:19:14,,3.14,10.0,40.98360655737705,5.879518072289157,19.0,5.0,0,0,0,40.0,0,0.0
451,Rohan,Rao,Male,AB+,Single,2002-01-13,Bachelor,BTech / BCA,Amrita University,2025,1,6,Junior,Bangalore,Karnataka,India,Indian,2025-01-01,+91-9800000451,+91-9100000451,rohan.rao.451@company.com,1001,Technology,Data & AI,Analytics Platforms,Data Intelligence,AI & Analytics,Data Team,1,Junior Associate,Junior Data Engineer,Permanent,Active,1000000.0,No,Yes,,,2026-05-13 05:19:14,2026-05-13 05:19:14,,3.0,10.0,44.26229508196721,6.554216867469879,14.0,6.0,0,0,0,32.0,0,0.0
452,Karthik,Singh,Male,A-,Single,2002-02-14,Bachelor,BTech / BCA,Delhi University,2025,1,6,Junior,Bangalore,Karnataka,India,Indian,2025-01-01,+91-9800000452,+91-9100000452,karthik.singh.452@company.com,1001,Technology,Data & AI,Analytics Platforms,Data Intelligence,AI & Analytics,Data Team,1,Junior Associate,Junior Data Analyst,Permanent,Active,800000.0,No,Yes,,,2026-05-13 05:19:14,2026-05-13 05:19:14,,3.2,10.0,38.52459016393443,5.63855421686747,10.0,3.0,0,0,0,39.0,0,0.0
453,Nikhil,Gupta,Male,B-,Single,2002-03-15,Bachelor,BTech / BCA,St Josephs Institute of Management,2025,1,6,Junior,Bangalore,Karnataka,India,Indian,2025-01-01,+91-9800000453,+91-9100000453,nikhil.gupta.453@company.com,1001,Technology,Engineering,Enterprise Systems,Software Delivery,Application Development,Engineering Team,1,Junior Associate,Junior Business Analyst,Permanent,Active,850000.0,No,Yes,,,2026-05-13 05:19:14,2026-05-13 05:19:14,,3.34,10.0,47.540983606557376,6.698795180722891,19.0,3.0,0,0,0,31.0,0,0.0
454,Rahul,Mishra,Male,O-,Single,2002-04-16,Bachelor,BTech / BCA,Bangalore University,2025,1,6,Junior,Bangalore,Karnataka,India,Indian,2025-01-01,+91-9800000454,+91-9100000454,rahul.mishra.454@company.com,1001,Product,Product Management,Product Strategy,Product Delivery,Product Operations,Product Team,1,Junior Associate,Junior Product Analyst,Permanent,Active,900000.0,No,Yes,,,2026-05-13 05:19:14,2026-05-13 05:19:14,,2.94,5.0,49.18032786885246,6.843373493975903,19.0,6.0,0,0,0,38.0,0,0.0
455,Vikram,Shetty,Male,A+,Single,2002-05-17,Bachelor,BTech / BCA,PES University,2025,1,6,Junior,Bangalore,Karnataka,India,Indian,2025-01-01,+91-9800000455,+91-9100000455,vikram.shetty.455@company.com,1001,Technology,Data & AI,Analytics Platforms,Data Intelligence,AI & Analytics,Data Team,1,Junior Associate,Junior BI Developer,Permanent,Active,950000.0,No,Yes,,,2026-05-13 05:19:14,2026-05-13 05:19:14,,3.45,10.0,46.72131147540984,6.36144578313253,9.0,8.0,0,0,0,30.0,0,0.0
456,Sanjay,Bose,Male,B+,Single,2002-06-18,Bachelor,BTech / BCA,VTU Belagavi,2025,1,6,Junior,Bangalore,Karnataka,India,Indian,2025-01-01,+91-9800000456,+91-9100000456,sanjay.bose.456@company.com,1001,Operations,Transport & Logistics,Supply Chain Operations,Logistics,Transport Operations,Logistics Team,1,Junior Associate,Junior Reporting Analyst,Permanent,Active,1000000.0,No,Yes,,,2026-05-13 05:19:14,2026-05-13 05:19:14,,2.81,5.0,52.459016393442624,7.228915662650603,6.0,5.0,0,0,0,37.0,0,0.0
457,Ananya,Sharma,Female,O+,Single,2002-07-19,Bachelor,BTech / BCA,IIM Bangalore,2025,1,6,Junior,Bangalore,Karnataka,India,Indian,2025-01-01,+91-9800000457,+91-9100000457,ananya.sharma.457@company.com,1001,Technology,Data & AI,Analytics Platforms,Data Intelligence,AI & Analytics,Data Team,1,Junior Associate,Junior AI/ML Engineer,Permanent,Active,800000.0,No,Yes,,,2026-05-13 05:19:14,2026-05-13 05:19:14,,2.99,5.0,53.278688524590166,7.132530120481928,11.0,10.0,0,0,0,29.0,0,0.0
458,Diya,Iyer,Female,AB+,Single,2002-08-20,Bachelor,BTech / BCA,IIT Madras,2025,1,6,Junior,Bangalore,Karnataka,India,Indian,2025-01-01,+91-9800000458,+91-9100000458,diya.iyer.458@company.com,1001,Technology,Infrastructure & Platform,Cloud & Platform Operations,Enterprise Infrastructure,Platform Services,Infrastructure Team,1,Junior Associate,Junior DevOps Engineer,Permanent,Active,850000.0,No,Yes,,,2026-05-13 05:19:14,2026-05-13 05:19:14,,3.07,10.0,44.26229508196721,6.698795180722891,11.0,2.0,0,0,0,36.0,0,0.0
459,Myra,Nair,Female,A-,Single,2002-09-21,Bachelor,BTech / BCA,Christ University,2025,1,6,Junior,Bangalore,Karnataka,India,Indian,2025-01-01,+91-9800000459,+91-9100000459,myra.nair.459@company.com,1001,Technology,Infrastructure & Platform,Cloud & Platform Operations,Enterprise Infrastructure,Platform Services,Infrastructure Team,1,Junior Associate,Junior Cloud Engineer,Permanent,Active,900000.0,No,Yes,,,2026-05-13 05:19:14,2026-05-13 05:19:14,,3.02,10.0,49.18032786885246,6.795180722891566,10.0,3.0,0,0,0,28.0,0,0.0
460,Sara,Kapoor,Female,B-,Single,2002-10-22,Bachelor,BTech / BCA,Anna University,2025,1,6,Junior,Bangalore,Karnataka,India,Indian,2025-01-01,+91-9800000460,+91-9100000460,sara.kapoor.460@company.com,1001,Technology,Infrastructure & Platform,Cloud & Platform Operations,Enterprise Infrastructure,Platform Services,Infrastructure Team,1,Junior Associate,Junior Platform Engineer,Permanent,Active,950000.0,No,Yes,,,2026-05-13 05:19:14,2026-05-13 05:19:14,,3.2,10.0,48.36065573770492,6.36144578313253,10.0,5.0,0,0,0,35.0,0,0.0
461,Riya,Rao,Female,O-,Single,2002-11-23,Bachelor,BTech / BCA,Amrita University,2025,1,6,Junior,Bangalore,Karnataka,India,Indian,2025-01-01,+91-9800000461,+91-9100000461,riya.rao.461@company.com,1001,Technology,Quality Engineering,Testing Services,QA Delivery,Test Automation,QA Team,1,Junior Associate,Junior QA Engineer,Permanent,Active,1000000.0,No,Yes,,,2026-05-13 05:19:14,2026-05-13 05:19:14,,3.14,10.0,45.08196721311475,6.072289156626506,22.0,5.0,0,0,0,27.0,0,0.0
462,Priya,Singh,Female,A+,Single,2002-12-24,Bachelor,BTech / BCA,Delhi University,2025,1,6,Junior,Bangalore,Karnataka,India,Indian,2025-01-01,+91-9800000462,+91-9100000462,priya.singh.462@company.com,1001,Technology,Quality Engineering,Testing Services,QA Delivery,Test Automation,QA Team,1,Junior Associate,Junior Automation Test Engineer,Permanent,Active,800000.0,No,Yes,,,2026-05-13 05:19:14,2026-05-13 05:19:14,,3.1,10.0,48.36065573770492,6.746987951807229,19.0,7.0,0,0,0,34.0,0,0.0
463,Neha,Gupta,Female,B+,Single,2002-01-25,Bachelor,BTech / BCA,St Josephs Institute of Management,2025,1,6,Junior,Bangalore,Karnataka,India,Indian,2025-01-01,+91-9800000463,+91-9100000463,neha.gupta.463@company.com,1001,Technology,Quality Engineering,Testing Services,QA Delivery,Test Automation,QA Team,1,Junior Associate,Junior Manual Test Engineer,Permanent,Active,850000.0,No,Yes,,,2026-05-13 05:19:14,2026-05-13 05:19:14,,3.37,10.0,50.0,7.036144578313253,21.0,2.0,0,0,0,41.0,0,0.0
464,Kavya,Mishra,Female,O+,Single,2002-02-26,Bachelor,BTech / BCA,Bangalore University,2025,1,6,Junior,Bangalore,Karnataka,India,Indian,2025-01-01,+91-9800000464,+91-9100000464,kavya.mishra.464@company.com,1001,Technology,Information Security,Cyber Security Operations,Security Governance,Security Operations,Security Team,1,Junior Associate,Junior Cyber Security Analyst,Permanent,Active,900000.0,No,Yes,,,2026-05-13 05:19:14,2026-05-13 05:19:14,,2.94,5.0,47.540983606557376,7.0843373493975905,10.0,8.0,0,0,0,33.0,0,0.0
465,Meera,Shetty,Female,AB+,Single,2002-03-27,Bachelor,BTech / BCA,PES University,2025,1,6,Junior,Bangalore,Karnataka,India,Indian,2025-01-01,+91-9800000465,+91-9100000465,meera.shetty.465@company.com,1001,Technology,Information Security,Cyber Security Operations,Security Governance,Security Operations,Security Team,1,Junior Associate,Junior SOC Analyst,Permanent,Active,950000.0,No,Yes,,,2026-05-13 05:19:14,2026-05-13 05:19:14,,3.2,10.0,50.0,6.698795180722891,18.0,1.0,0,0,0,40.0,0,0.0
466,Sneha,Bose,Female,A-,Single,2002-04-01,Bachelor,BTech / BCA,VTU Belagavi,2025,1,6,Junior,Bangalore,Karnataka,India,Indian,2025-01-01,+91-9800000466,+91-9100000466,sneha.bose.466@company.com,1001,Technology,Information Security,Cyber Security Operations,Security Governance,Security Operations,Security Team,1,Junior Associate,Junior Information Security Analyst,Permanent,Active,1000000.0,No,Yes,,,2026-05-13 05:19:14,2026-05-13 05:19:14,,3.43,10.0,45.90163934426229,6.168674698795181,24.0,5.0,0,0,0,32.0,0,0.0
467,Aarav,Sharma,Male,B-,Single,2002-05-02,Bachelor,BTech / BCA,IIM Bangalore,2025,1,6,Junior,Bangalore,Karnataka,India,Indian,2025-01-01,+91-9800000467,+91-9100000467,aarav.sharma.467@company.com,1001,Technology,Information Security,Cyber Security Operations,Security Governance,Security Operations,Security Team,1,Junior Associate,Junior IAM Analyst,Permanent,Active,800000.0,No,Yes,,,2026-05-13 05:19:14,2026-05-13 05:19:14,,2.98,5.0,44.26229508196721,6.746987951807229,14.0,2.0,0,0,0,39.0,0,0.0
468,Vivaan,Iyer,Male,O-,Single,2002-06-03,Bachelor,BTech / BCA,IIT Madras,2025,1,6,Junior,Bangalore,Karnataka,India,Indian,2025-01-01,+91-9800000468,+91-9100000468,vivaan.iyer.468@company.com,1001,Technology,Information Security,Cyber Security Operations,Security Governance,Security Operations,Security Team,1,Junior Associate,Junior GRC Analyst,Permanent,Active,850000.0,No,Yes,,,2026-05-13 05:19:14,2026-05-13 05:19:14,,3.19,10.0,51.63934426229508,6.746987951807229,16.0,8.0,0,0,0,31.0,0,0.0
469,Aditya,Nair,Male,A+,Single,2002-07-04,Bachelor,BTech / BCA,Christ University,2025,1,6,Junior,Bangalore,Karnataka,India,Indian,2025-01-01,+91-9800000469,+91-9100000469,aditya.nair.469@company.com,1001,Technology,Data & AI,Analytics Platforms,Data Intelligence,AI & Analytics,Data Team,1,Junior Associate,Junior Database Administrator,Permanent,Active,900000.0,No,Yes,,,2026-05-13 05:19:14,2026-05-13 05:19:14,,2.88,5.0,51.63934426229508,7.0843373493975905,12.0,3.0,0,0,0,38.0,0,0.0
470,Arjun,Kapoor,Male,B+,Single,2002-08-05,Bachelor,BTech / BCA,Anna University,2025,1,6,Junior,Bangalore,Karnataka,India,Indian,2025-01-01,+91-9800000470,+91-9100000470,arjun.kapoor.470@company.com,1001,Technology,Infrastructure & Platform,Cloud & Platform Operations,Enterprise Infrastructure,Platform Services,Infrastructure Team,1,Junior Associate,Junior System Administrator,Permanent,Active,950000.0,No,Yes,,,2026-05-13 05:19:14,2026-05-13 05:19:14,,3.05,10.0,49.18032786885246,6.843373493975903,21.0,7.0,0,0,0,30.0,0,0.0
471,Rohan,Rao,Male,O+,Single,2002-09-06,Bachelor,BTech / BCA,Amrita University,2025,1,6,Junior,Bangalore,Karnataka,India,Indian,2025-01-01,+91-9800000471,+91-9100000471,rohan.rao.471@company.com,1001,Technology,Infrastructure & Platform,Cloud & Platform Operations,Enterprise Infrastructure,Platform Services,Infrastructure Team,1,Junior Associate,Junior Linux Administrator,Permanent,Active,1000000.0,No,Yes,,,2026-05-13 05:19:14,2026-05-13 05:19:14,,3.05,10.0,48.36065573770492,6.698795180722891,13.0,1.0,0,0,0,37.0,0,0.0
472,Karthik,Singh,Male,AB+,Single,2002-10-07,Bachelor,BTech / BCA,Delhi University,2025,1,6,Junior,Bangalore,Karnataka,India,Indian,2025-01-01,+91-9800000472,+91-9100000472,karthik.singh.472@company.com,1001,Technology,Infrastructure & Platform,Cloud & Platform Operations,Enterprise Infrastructure,Platform Services,Infrastructure Team,1,Junior Associate,Junior Windows Administrator,Permanent,Active,800000.0,No,Yes,,,2026-05-13 05:19:14,2026-05-13 05:19:14,,3.03,10.0,37.704918032786885,6.072289156626506,17.0,2.0,0,0,0,29.0,0,0.0
473,Nikhil,Gupta,Male,A-,Single,2002-11-08,Bachelor,BTech / BCA,St Josephs Institute of Management,2025,1,6,Junior,Bangalore,Karnataka,India,Indian,2025-01-01,+91-9800000473,+91-9100000473,nikhil.gupta.473@company.com,1001,Technology,Infrastructure & Platform,Cloud & Platform Operations,Enterprise Infrastructure,Platform Services,Infrastructure Team,1,Junior Associate,Junior Network Engineer,Permanent,Active,850000.0,No,Yes,,,2026-05-13 05:19:14,2026-05-13 05:19:14,,3.05,10.0,45.90163934426229,6.313253012048193,24.0,1.0,0,0,0,36.0,0,0.0
474,Rahul,Mishra,Male,B-,Single,2002-12-09,Bachelor,BTech / BCA,Bangalore University,2025,1,6,Junior,Bangalore,Karnataka,India,Indian,2025-01-01,+91-9800000474,+91-9100000474,rahul.mishra.474@company.com,1001,Operations,Transport & Logistics,Supply Chain Operations,Logistics,Transport Operations,Logistics Team,1,Junior Associate,Junior IT Support Engineer,Permanent,Active,900000.0,No,Yes,,,2026-05-13 05:19:14,2026-05-13 05:19:14,,3.05,10.0,54.91803278688525,6.9397590361445785,15.0,5.0,0,0,0,28.0,0,0.0
475,Vikram,Shetty,Male,O-,Single,2002-01-10,Bachelor,BTech / BCA,PES University,2025,1,6,Junior,Bangalore,Karnataka,India,Indian,2025-01-01,+91-9800000475,+91-9100000475,vikram.shetty.475@company.com,1001,Operations,Transport & Logistics,Supply Chain Operations,Logistics,Transport Operations,Logistics Team,1,Junior Associate,Junior Technical Support Engineer,Permanent,Active,950000.0,No,Yes,,,2026-05-13 05:19:14,2026-05-13 05:19:14,,3.14,10.0,52.459016393442624,6.9397590361445785,9.0,10.0,0,0,0,35.0,0,0.0
476,Sanjay,Bose,Male,A+,Single,2002-02-11,Bachelor,BTech / BCA,VTU Belagavi,2025,1,6,Junior,Bangalore,Karnataka,India,Indian,2025-01-01,+91-9800000476,+91-9100000476,sanjay.bose.476@company.com,1001,Technology,Engineering,Enterprise Systems,Software Delivery,Application Development,Engineering Team,1,Junior Associate,Junior Service Desk Analyst,Permanent,Active,1000000.0,No,Yes,,,2026-05-13 05:19:14,2026-05-13 05:19:14,,3.06,10.0,50.0,6.602409638554217,14.0,5.0,0,0,0,27.0,0,0.0
477,Ananya,Sharma,Female,B+,Single,2002-03-12,Bachelor,BTech / BCA,IIM Bangalore,2025,1,6,Junior,Bangalore,Karnataka,India,Indian,2025-01-01,+91-9800000477,+91-9100000477,ananya.sharma.477@company.com,1001,Delivery,Program Delivery,Project Management,Delivery Operations,PMO,Delivery Team,1,Junior Associate,Junior PMO Analyst,Permanent,Active,800000.0,No,Yes,,,2026-05-13 05:19:14,2026-05-13 05:19:14,,3.22,10.0,45.90163934426229,6.216867469879518,18.0,5.0,0,0,0,34.0,0,0.0
478,Diya,Iyer,Female,O+,Single,2002-04-13,Bachelor,BTech / BCA,IIT Madras,2025,1,6,Junior,Bangalore,Karnataka,India,Indian,2025-01-01,+91-9800000478,+91-9100000478,diya.iyer.478@company.com,1001,Technology,Engineering,Enterprise Systems,Software Delivery,Application Development,Engineering Team,1,Junior Associate,Junior Technical Consultant,Permanent,Active,850000.0,No,Yes,,,2026-05-13 05:19:14,2026-05-13 05:19:14,,2.93,5.0,49.18032786885246,6.650602409638554,18.0,2.0,0,0,0,41.0,0,0.0
479,Myra,Nair,Female,AB+,Single,2002-05-14,Bachelor,BTech / BCA,Christ University,2025,1,6,Junior,Bangalore,Karnataka,India,Indian,2025-01-01,+91-9800000479,+91-9100000479,myra.nair.479@company.com,1001,Technology,Engineering,Enterprise Systems,Software Delivery,Application Development,Engineering Team,1,Junior Associate,Junior Functional Consultant,Permanent,Active,900000.0,No,Yes,,,2026-05-13 05:19:14,2026-05-13 05:19:14,,2.91,5.0,50.81967213114754,6.843373493975903,18.0,5.0,0,0,0,33.0,0,0.0
480,Sara,Kapoor,Female,A-,Single,2002-06-15,Bachelor,BTech / BCA,Anna University,2025,1,6,Junior,Bangalore,Karnataka,India,Indian,2025-01-01,+91-9800000480,+91-9100000480,sara.kapoor.480@company.com,1001,Technology,Engineering,Enterprise Systems,Software Delivery,Application Development,Engineering Team,1,Junior Associate,Junior Operations Analyst,Permanent,Active,950000.0,No,Yes,,,2026-05-13 05:19:14,2026-05-13 05:19:14,,2.94,5.0,43.44262295081967,6.409638554216867,11.0,8.0,0,0,0,40.0,0,0.0
481,Riya,Rao,Female,B-,Single,2002-07-16,Bachelor,BTech / BCA,Amrita University,2025,1,6,Junior,Bangalore,Karnataka,India,Indian,2025-01-01,+91-9800000481,+91-9100000481,riya.rao.481@company.com,1001,Human Resources,People Operations,Workforce Management,HR Operations,People Services,HR Team,1,Junior Associate,Junior HR Executive,Permanent,Active,1000000.0,No,Yes,,,2026-05-13 05:19:14,2026-05-13 05:19:14,,2.88,5.0,49.18032786885246,6.409638554216867,25.0,2.0,0,0,0,32.0,0,0.0
482,Priya,Singh,Female,O-,Single,2002-08-17,Bachelor,BTech / BCA,Delhi University,2025,1,6,Junior,Bangalore,Karnataka,India,Indian,2025-01-01,+91-9800000482,+91-9100000482,priya.singh.482@company.com,1001,Human Resources,People Operations,Workforce Management,HR Operations,People Services,HR Team,1,Junior Associate,Junior Talent Acquisition Executive,Permanent,Active,800000.0,No,Yes,,,2026-05-13 05:19:14,2026-05-13 05:19:14,,3.27,10.0,37.704918032786885,6.072289156626506,11.0,3.0,0,0,0,39.0,0,0.0
483,Neha,Gupta,Female,A+,Single,2002-09-18,Bachelor,BTech / BCA,St Josephs Institute of Management,2025,1,6,Junior,Bangalore,Karnataka,India,Indian,2025-01-01,+91-9800000483,+91-9100000483,neha.gupta.483@company.com,1001,Finance,Corporate Finance,Financial Operations,Finance,Finance Operations,Finance Team,1,Junior Associate,Junior Payroll Executive,Permanent,Active,850000.0,No,Yes,,,2026-05-13 05:19:14,2026-05-13 05:19:14,,2.94,5.0,48.36065573770492,6.795180722891566,16.0,4.0,0,0,0,31.0,0,0.0
484,Kavya,Mishra,Female,B+,Single,2002-10-19,Bachelor,BTech / BCA,Bangalore University,2025,1,6,Junior,Bangalore,Karnataka,India,Indian,2025-01-01,+91-9800000484,+91-9100000484,kavya.mishra.484@company.com,1001,Finance,Corporate Finance,Financial Operations,Finance,Finance Operations,Finance Team,1,Junior Associate,Junior Finance Executive,Permanent,Active,900000.0,No,Yes,,,2026-05-13 05:19:14,2026-05-13 05:19:14,,2.87,5.0,40.98360655737705,6.216867469879518,22.0,5.0,0,0,0,38.0,0,0.0
485,Meera,Shetty,Female,O+,Single,2002-11-20,Bachelor,BTech / BCA,PES University,2025,1,6,Junior,Bangalore,Karnataka,India,Indian,2025-01-01,+91-9800000485,+91-9100000485,meera.shetty.485@company.com,1001,Finance,Corporate Finance,Financial Operations,Finance,Finance Operations,Finance Team,1,Junior Associate,Junior Accountant,Permanent,Active,950000.0,No,Yes,,,2026-05-13 05:19:14,2026-05-13 05:19:14,,2.98,5.0,49.18032786885246,6.698795180722891,21.0,4.0,0,0,0,30.0,0,0.0
486,Sneha,Bose,Female,AB+,Single,2002-12-21,Bachelor,BTech / BCA,VTU Belagavi,2025,1,6,Junior,Bangalore,Karnataka,India,Indian,2025-01-01,+91-9800000486,+91-9100000486,sneha.bose.486@company.com,1001,Procurement,Vendor Management,Procurement Operations,Sourcing,Supplier Operations,Procurement Team,1,Junior Associate,Junior Procurement Executive,Permanent,Active,1000000.0,No,Yes,,,2026-05-13 05:19:14,2026-05-13 05:19:14,,3.23,10.0,42.62295081967213,5.975903614457831,17.0,3.0,0,0,0,37.0,0,0.0
487,Aarav,Sharma,Male,A-,Single,2002-01-22,Bachelor,BTech / BCA,IIM Bangalore,2025,1,6,Junior,Bangalore,Karnataka,India,Indian,2025-01-01,+91-9800000487,+91-9100000487,aarav.sharma.487@company.com,1001,Marketing,Brand & Growth,Marketing Operations,Digital Marketing,Campaign Operations,Marketing Team,1,Junior Associate,Junior Marketing Executive,Permanent,Active,800000.0,No,Yes,,,2026-05-13 05:19:14,2026-05-13 05:19:14,,2.96,5.0,50.0,6.409638554216867,11.0,3.0,0,0,0,29.0,0,0.0
488,Vivaan,Iyer,Male,B-,Single,2002-02-23,Bachelor,BTech / BCA,IIT Madras,2025,1,6,Junior,Bangalore,Karnataka,India,Indian,2025-01-01,+91-9800000488,+91-9100000488,vivaan.iyer.488@company.com,1001,Marketing,Brand & Growth,Marketing Operations,Digital Marketing,Campaign Operations,Marketing Team,1,Junior Associate,Junior Digital Marketing Executive,Permanent,Active,850000.0,No,Yes,,,2026-05-13 05:19:14,2026-05-13 05:19:14,,3.01,10.0,45.90163934426229,6.216867469879518,11.0,3.0,0,0,0,36.0,0,0.0
489,Aditya,Nair,Male,O-,Single,2002-03-24,Bachelor,BTech / BCA,Christ University,2025,1,6,Junior,Bangalore,Karnataka,India,Indian,2025-01-01,+91-9800000489,+91-9100000489,aditya.nair.489@company.com,1001,Sales,Revenue Operations,Sales Operations,Business Growth,Client Acquisition,Sales Team,1,Junior Associate,Junior Sales Executive,Permanent,Active,900000.0,No,Yes,,,2026-05-13 05:19:14,2026-05-13 05:19:14,,3.22,10.0,44.26229508196721,6.313253012048193,15.0,5.0,0,0,0,28.0,0,0.0
490,Arjun,Kapoor,Male,A+,Single,2002-04-25,Bachelor,BTech / BCA,Anna University,2025,1,6,Junior,Bangalore,Karnataka,India,Indian,2025-01-01,+91-9800000490,+91-9100000490,arjun.kapoor.490@company.com,1001,Sales,Revenue Operations,Sales Operations,Business Growth,Client Acquisition,Sales Team,1,Junior Associate,Junior Business Development Executive,Permanent,Active,950000.0,No,Yes,,,2026-05-13 05:19:14,2026-05-13 05:19:14,,3.19,10.0,46.72131147540984,6.313253012048193,16.0,5.0,0,0,0,35.0,0,0.0
491,Rohan,Rao,Male,B+,Single,2002-05-26,Bachelor,BTech / BCA,Amrita University,2025,1,6,Junior,Bangalore,Karnataka,India,Indian,2025-01-01,+91-9800000491,+91-9100000491,rohan.rao.491@company.com,1001,Operations,Transport & Logistics,Supply Chain Operations,Logistics,Transport Operations,Logistics Team,1,Junior Associate,Junior Transport Executive,Permanent,Active,1000000.0,No,Yes,,,2026-05-13 05:19:14,2026-05-13 05:19:14,,2.99,5.0,44.26229508196721,5.734939759036145,17.0,5.0,0,0,0,27.0,0,0.0
492,Karthik,Singh,Male,O+,Single,2002-06-27,Bachelor,BTech / BCA,Delhi University,2025,1,6,Junior,Bangalore,Karnataka,India,Indian,2025-01-01,+91-9800000492,+91-9100000492,karthik.singh.492@company.com,1001,Operations,Transport & Logistics,Supply Chain Operations,Logistics,Transport Operations,Logistics Team,1,Junior Associate,Junior Logistics Executive,Permanent,Active,800000.0,No,Yes,,,2026-05-13 05:19:14,2026-05-13 05:19:14,,3.06,10.0,50.81967213114754,6.843373493975903,21.0,2.0,0,0,0,34.0,0,0.0
493,Nikhil,Gupta,Male,AB+,Single,2002-07-01,Bachelor,BTech / BCA,St Josephs Institute of Management,2025,1,6,Junior,Bangalore,Karnataka,India,Indian,2025-01-01,+91-9800000493,+91-9100000493,nikhil.gupta.493@company.com,1001,Operations,Transport & Logistics,Supply Chain Operations,Logistics,Transport Operations,Logistics Team,1,Junior Associate,Junior Supply Chain Analyst,Permanent,Active,850000.0,No,Yes,,,2026-05-13 05:19:14,2026-05-13 05:19:14,,3.05,10.0,47.540983606557376,6.795180722891566,14.0,5.0,0,0,0,41.0,0,0.0
494,Rahul,Mishra,Male,A-,Single,2002-08-02,Bachelor,BTech / BCA,Bangalore University,2025,1,6,Junior,Bangalore,Karnataka,India,Indian,2025-01-01,+91-9800000494,+91-9100000494,rahul.mishra.494@company.com,1001,Operations,Transport & Logistics,Supply Chain Operations,Logistics,Transport Operations,Logistics Team,1,Junior Associate,Junior Warehouse Executive,Permanent,Active,900000.0,No,Yes,,,2026-05-13 05:19:14,2026-05-13 05:19:14,,2.93,5.0,45.08196721311475,6.409638554216867,12.0,8.0,0,0,0,33.0,0,0.0
495,Vikram,Shetty,Male,B-,Single,2002-09-03,Bachelor,BTech / BCA,PES University,2025,1,6,Junior,Bangalore,Karnataka,India,Indian,2025-01-01,+91-9800000495,+91-9100000495,vikram.shetty.495@company.com,1001,Operations,Transport & Logistics,Supply Chain Operations,Logistics,Transport Operations,Logistics Team,1,Junior Associate,Junior Dispatch Coordinator,Permanent,Active,950000.0,No,Yes,,,2026-05-13 05:19:14,2026-05-13 05:19:14,,3.08,10.0,50.0,6.698795180722891,23.0,4.0,0,0,0,40.0,0,0.0
496,Sanjay,Bose,Male,O-,Single,2002-10-04,Bachelor,BTech / BCA,VTU Belagavi,2025,1,6,Junior,Bangalore,Karnataka,India,Indian,2025-01-01,+91-9800000496,+91-9100000496,sanjay.bose.496@company.com,1001,Technology,Engineering,Enterprise Systems,Software Delivery,Application Development,Engineering Team,1,Junior Associate,Junior Operations Coordinator,Permanent,Active,1000000.0,No,Yes,,,2026-05-13 05:19:14,2026-05-13 05:19:14,,3.17,10.0,48.36065573770492,7.036144578313253,17.0,8.0,0,0,0,32.0,0,0.0
